,Age,City,Current Status,Do you own multiple profiles on Instagram?,Gender,Highest Education,Location (City Airport Code),Phone OS,State,Zone,Latitude,Longitude,Total Facebook Usage,Total Instagram Usage,Total Social Media Usage,Total Week Usage,Total Weekend Usage,Total WhatsApp Usage,Followers,No of posts on Insta,Facebook Time Spent(Last Week),Instagram Time Spent(Last Week),WhatsApp Time Spent(Last Week),WhatsApp Time Spent(Last Weekend),Instagram Time Spent(Last Weekend),Facebook Time Spent(Last Weekend)
0,24,Delhi,Working professional,No,Female,Graduation,DEL,iOs,Delhi,Northern,28.651952,77.231495,0,0,0,0,520,0,456,20,0,770,900,120,400,0
1,39,Delhi,Working professional,No,Female,Post graduation,DEL,iOs,Delhi,Northern,28.651952,77.231495,0,0,0,0,0,0,0,0,0,0,0,0,0,0
2,22,Mumbai,Working professional,No,Male,Graduation,BOM,Android,Maharashtra,Western,18.987807,72.836447,0,0,0,0,0,0,400,6,500,0,0,0,0,0
3,26,Bengaluru,Sabbatical,Yes,Female,Graduation,BLR,Android,Karnataka,Southern,12.977063,77.587106,0,0,0,0,0,0,485,16,0,0,0,0,0,0
4,50,Delhi,Working professional,No,Male,Graduation,DEL,iOs,Delhi,Northern,28.651952,77.231495,0,0,0,0,0,0,0,0,0,0,0,0,0,0
5,25,Vishakhapatnam,Working professional,Yes,Female,Post graduation,VTZ,Android,Andhra Pradesh,Southern,17.704052,83.297663,0,0,0,0,0,0,790,220,0,0,0,600,840,0
6,52,Jaipur,Working professional,No,Male,Post graduation,JAI,Android,Rajasthan,Northern,26.913312,75.787872,0,215,0,0,0,0,0,0,300,0,0,0,215,900
8,25,Bengaluru,Student,No,Male,Graduation,BLR,Android,Karnataka,Southern,12.977063,77.587106,0,0,0,0,0,0,0,340,0,0,0,450,340,870
9,27,Delhi,Student,Yes,Male,Graduation,DEL,Android,Delhi,Northern,28.651952,77.231495,0,0,0,0,0,0,594,37,480,720,0,600,300,840
10,27,Bengaluru,Working professional,No,Male,Graduation,BLR,Android,Karnataka,Southern,12.977063,77.587106,0,0,0,0,0,0,27,0,600,0,0,360,0,840
11,45,Delhi,Working professional,No,Female,Graduation,DEL,iOs,Delhi,Northern,28.651952,77.231495,0,0,0,0,0,0,0,0,500,0,0,600,700,800
12,22,Delhi,Sabbatical,Yes,Male,Post graduation,DEL,iOs,Delhi,Northern,28.651952,77.231495,0,0,0,0,0,0,89,56,0,0,0,500,700,800
13,21,Delhi,Working professional,No,Female,Graduation,DEL,Android,Delhi,Northern,28.651952,77.231495,0,780,0,0,0,0,514,38,420,180,600,720,600,780
15,26,Delhi,Working professional,No,Female,Post graduation,DEL,Android,Delhi,Northern,28.651952,77.231495,0,630,0,0,0,0,762,54,300,270,750,600,360,720
16,25,Ahmedabad,Student,No,Male,Graduation,AMD,Android,Gujarat,Western,23.025793,72.587265,760,0,0,960,0,660,447,82,60,300,600,60,0,700
17,18,Jaipur,Student,No,Male,High School,JAI,iOs,Rajasthan,Northern,26.913312,75.787872,0,0,0,0,0,0,361,69,588,700,0,233,365,681
18,25,Mumbai,Sabbatical,No,Female,Post graduation,BOM,Android,Maharashtra,Western,18.987807,72.836447,0,0,0,0,0,0,210,98,992,0,0,560,445,663
20,22,Kolkata,Student,No,Female,Post graduation,CCU,Android,West Bengal,Eastern,22.562627,88.363044,0,0,0,0,0,0,487,42,600,0,0,0,0,600
21,26,Kolkata,Student,No,Female,Post graduation,CCU,Android,West Bengal,Eastern,22.562627,88.363044,0,0,0,0,0,0,487,42,600,0,0,0,0,600
22,25,Ahmedabad,Sabbatical,Yes,Male,Graduation,AMD,Android,Gujarat,Western,23.025793,72.587265,840,0,0,0,0,0,460,210,240,720,300,720,900,600
23,35,Delhi,Working professional,Yes,Female,High School,DEL,Android,Delhi,Northern,28.651952,77.231495,0,0,0,0,0,820,65,67,500,800,700,120,500,600
24,23,Delhi,Student,No,Female,High School,DEL,Android,Delhi,Northern,28.651952,77.231495,0,670,0,0,730,760,78,1,500,600,700,60,70,600
25,50,Kolkata,Working professional,No,Female,High School,CCU,Android,West Bengal,Eastern,22.562627,88.363044,0,612,0,0,0,0,678,129,963,456,785,356,156,587
26,17,Mumbai,Student,Yes,Male,High School,BOM,Android,Maharashtra,Western,18.987807,72.836447,0,0,0,0,0,0,579,75,564,0,0,0,0,560
27,23,Kolkata,Student,Yes,Female,Graduation,CCU,Android,West Bengal,Eastern,22.562627,88.363044,900,0,0,0,0,0,0,89,400,0,0,0,0,500
28,22,Ahmedabad,Student,No,Male,Graduation,AMD,Android,Gujarat,Western,23.025793,72.587265,0,0,0,0,0,0,249,38,0,0,0,500,300,500
29,32,Bengaluru,Working professional,No,Male,Graduation,BLR,Android,Karnataka,Southern,12.977063,77.587106,0,420,0,0,800,780,962,74,500,300,600,180,120,500
31,27,Chennai,Working professional,No,Male,Post graduation,MAA,Android,Tamil Nadu,Southern,13.084622,80.248357,0,0,0,0,0,0,542,69,600,0,0,720,840,480
32,23,Chennai,Student,No,Female,Graduation,MAA,Android,Tamil Nadu,Southern,13.084622,80.248357,0,0,0,0,0,960,244,12,0,0,600,360,720,480
33,22,Chennai,Student,Yes,Female,Graduation,MAA,iOs,Tamil Nadu,Southern,13.084622,80.248357,780,0,0,0,0,0,342,27,300,600,600,480,600,480
35,32,Bengaluru,Working professional,No,Female,Post graduation,BLR,Android,Karnataka,Southern,12.977063,77.587106,780,960,0,0,0,0,453,38,300,600,0,840,360,480
36,24,Pune,Working professional,No,Female,Graduation,PNQ,Android,Maharashtra,Western,18.513271,73.849852,0,0,0,0,840,0,0,0,0,0,980,360,0,480
37,21,Chennai,Student,No,Female,Graduation,MAA,Android,Tamil Nadu,Southern,13.084622,80.248357,770,0,0,0,0,0,0,274,301,782,0,871,723,469
39,25,Kolkata,Working professional,No,Male,Graduation,CCU,Android,West Bengal,Eastern,22.562627,88.363044,0,841,0,0,0,0,614,160,823,539,0,396,302,419
40,45,Bagdogra,Working professional,Yes,Female,Graduation,IXB,iOs,West Bengal,Eastern,26.6986,88.3117,660,0,0,0,0,858,715,243,247,561,427,431,562,413
41,38,Bengaluru,Working professional,No,Female,Graduation,BLR,Android,Karnataka,Southern,12.977063,77.587106,0,0,0,0,0,0,126,258,0,800,900,200,500,400
42,27,Hyderabad,Sabbatical,No,Male,Graduation,HYD,Android,Telangana,Southern,17.384052,78.456355,700,550,0,0,0,0,250,26,300,250,800,400,300,400
43,25,Kolkata,Student,No,Male,Post graduation,CCU,Android,West Bengal,Eastern,22.562627,88.363044,0,150,0,0,550,720,272,8,900,120,600,120,30,400
45,25,Bengaluru,Working professional,No,Female,Graduation,BLR,Android,Karnataka,Southern,12.977063,77.587106,0,0,0,0,600,0,0,0,0,0,800,200,0,400
46,45,Kolkata,Working professional,No,Female,Graduation,CCU,Android,West Bengal,Eastern,22.562627,88.363044,0,0,0,0,810,0,5,0,855,0,735,412,0,398
47,28,Kolkata,Sabbatical,No,Female,Graduation,ccu,iOs,West Bengal,Eastern,22.562627,88.363044,690,790,0,0,890,0,239,11,300,390,0,100,400,390
48,24,Kolkata,Student,Yes,Male,Post graduation,CCU,Android,West Bengal,Eastern,22.562627,88.363044,0,0,0,0,0,0,746,156,823,821,0,479,390,372
49,21,Chennai,Student,Yes,Female,Graduation,MAA,iOs,Tamil Nadu,Southern,13.084622,80.248357,960,0,0,0,0,0,0,394,600,0,0,600,720,360
50,35,Chennai,Working professional,Yes,Male,Post graduation,MAA,iOs,Tamil Nadu,Southern,13.084622,80.248357,0,0,0,0,0,0,307,40,900,0,0,480,720,360
51,21,Mumbai,Sabbatical,Yes,Female,Graduation,BOM,Android,Maharashtra,Western,18.987807,72.836447,820,0,0,0,0,0,0,245,460,0,940,390,640,360
52,16,Kolkata,Student,No,Male,High School,CCU,Android,West Bengal,Eastern,22.562627,88.363044,0,880,0,0,720,0,289,23,0,760,0,240,120,360
53,51,Ahmedabad,Working professional,No,Male,Post graduation,AMD,iOs,Gujarat,Western,23.025793,72.587265,810,0,0,0,0,0,45,2,450,0,0,845,0,360
54,30,Kolkata,Working professional,Yes,Male,Post graduation,CCU,Android,West Bengal,Eastern,22.562627,88.363044,840,240,0,840,360,120,219,0,480,240,120,0,0,360
55,55,Bagdogra,Working professional,No,Male,Post graduation,IXB,Android,West Bengal,Eastern,26.6986,88.3117,0,0,0,0,548,382,0,0,0,0,193,189,0,359
56,31,Delhi,Sabbatical,No,Female,Post graduation,DEL,Android,Delhi,Northern,28.651952,77.231495,0,226,0,0,588,738,600,29,0,174,560,178,52,358
57,23,Kolkata,Student,No,Female,Post graduation,CCU,Android,West Bengal,Eastern,22.562627,88.363044,496,970,0,0,0,0,325,28,140,392,752,678,578,356
58,22,Mumbai,Sabbatical,No,Male,Graduation,BOM,Android,Maharashtra,Western,18.987807,72.836447,700,0,0,0,0,0,320,222,350,0,860,287,465,350
59,37,Lucknow,Sabbatical,No,Female,Post graduation,LKO,Android,Uttar Pradesh,Northern,26.839281,80.923133,0,145,0,0,685,0,104,2,890,105,855,295,40,350
60,57,Delhi,Sabbatical,Yes,Male,Post graduation,DEL,Android,Delhi,Northern,28.651952,77.231495,0,0,0,0,0,0,0,287,875,0,0,765,538,347
61,52,Delhi,Working professional,No,Male,Post graduation,DEL,Android,Delhi,Northern,28.651952,77.231495,0,0,0,0,0,0,0,0,734,0,0,803,0,346
62,27,Kolkata,Student,No,Male,Post graduation,CCU,iOs,West Bengal,Eastern,22.562627,88.363044,0,0,0,0,0,0,698,109,667,621,788,359,421,338
63,24,Mumbai,Student,No,Male,Post graduation,BOM,Android,Maharashtra,Western,18.987807,72.836447,749,0,0,0,0,0,276,49,423,0,0,828,243,326
64,35,Delhi,Working professional,No,Male,Post graduation,DEL,Android,Delhi,Northern,28.651952,77.231495,881,0,0,0,0,0,524,148,558,728,0,872,665,323
65,25,Baroda,Working professional,No,Female,Post graduation,BDQ,iOs,Gujarat,Western,22.3072,73.1812,736,512,0,0,677,911,816,500,422,415,645,266,97,314
66,29,Mumbai,Sabbatical,No,Female,Post graduation,BOM,Android,Maharashtra,Western,18.987807,72.836447,845,0,0,0,559,766,0,0,532,0,520,246,0,313
67,27,Baroda,Working professional,No,Male,Graduation,BDQ,Android,Gujarat,Western,22.3072,73.1812,910,506,0,0,810,937,465,351,598,356,589,348,150,312
68,28,Delhi,Working professional,No,Male,Post graduation,DEL,iOs,Delhi,Northern,28.651952,77.231495,710,770,0,0,960,750,133,22,400,450,420,330,320,310
69,38,Mumbai,Working professional,No,Male,Post graduation,BOM,Android,Maharashtra,Western,18.987807,72.836447,730,0,0,760,430,460,10,1,420,0,340,120,0,310
70,22,Delhi,Student,No,Female,Graduation,DEL,Android,Delhi,Northern,28.651952,77.231495,600,0,0,0,0,0,0,159,300,0,0,0,0,300
71,22,Mumbai,Student,No,Male,Graduation,BOM,iOs,Maharashtra,Western,18.987807,72.836447,600,0,0,0,0,0,236,89,300,0,0,0,0,300
72,35,Mumbai,Working professional,Yes,Female,Post graduation,BOM,Android,Maharashtra,Western,18.987807,72.836447,600,0,0,0,0,0,0,106,300,900,0,0,900,300
73,16,Jaipur,Student,No,Female,High School,JAI,Android,Rajasthan,Northern,26.913312,75.787872,600,0,0,0,0,0,853,146,300,0,0,900,900,300
74,15,Chennai,Student,Yes,Female,High School,MAA,iOs,Tamil Nadu,Southern,13.084622,80.248357,600,0,0,0,0,0,674,65,300,0,0,0,800,300
75,27,Vishakhapatnam,Sabbatical,No,Female,Post graduation,VTZ,Android,Andhra Pradesh,Southern,17.704052,83.297663,540,0,0,0,0,0,680,72,240,0,0,295,600,300
76,26,Ahmedabad,Working professional,No,Male,Graduation,AMD,iOs,Gujarat,Western,23.025793,72.587265,0,0,0,0,0,0,0,631,700,0,0,800,500,300
77,21,Mumbai,Student,No,Female,Graduation,BOM,iOs,Maharashtra,Western,18.987807,72.836447,800,0,0,0,900,520,0,69,500,0,420,100,500,300
78,23,Kolkata,Working professional,No,Male,Post graduation,CCU,iOs,West Bengal,Eastern,22.562627,88.363044,700,950,0,0,0,0,300,30,400,500,0,560,450,300
79,22,Mumbai,Student,No,Female,Graduation,BOM,Android,Maharashtra,Western,18.987807,72.836447,0,0,0,0,950,800,478,53,0,0,600,200,450,300
80,25,Vishakhapatnam,Sabbatical,Yes,Female,Post graduation,VTZ,iOs,Andhra Pradesh,Southern,17.704052,83.297663,0,0,0,0,810,450,0,100,900,0,360,90,420,300
81,25,Delhi,Working professional,No,Male,Graduation,DEL,Android,Delhi,Northern,28.651952,77.231495,600,900,0,0,0,0,654,52,300,600,0,900,300,300
82,23,Mumbai,Working professional,No,Male,Graduation,BOM,iOs,Maharashtra,Western,18.987807,72.836447,0,900,0,0,0,0,0,97,0,600,0,500,300,300
83,24,Jaipur,Working professional,No,Female,Graduation,JAI,Android,Rajasthan,Northern,26.913312,75.787872,600,0,0,0,900,0,540,12,300,900,900,300,300,300
84,20,Hyderabad,Student,Yes,Male,High School,Hyd,Android,Telangana,Southern,17.384052,78.456355,0,0,0,0,840,660,405,20,900,840,420,240,300,300
85,26,Nagpur,Working professional,No,Male,Graduation,NAG,iOs,MAHARASHTRA,Western,21.1458004,79.0881546,500,670,0,0,620,460,132,8,200,450,360,100,220,300
86,36,Delhi,Sabbatical,No,Male,Post graduation,DEL,iOs,Delhi,Northern,28.651952,77.231495,450,450,0,0,0,0,85,7,150,250,0,700,200,300
87,24,Delhi,Working professional,Yes,Female,Graduation,DEL,Android,Delhi,Northern,28.651952,77.231495,720,720,0,0,0,0,250,76,420,600,240,900,120,300
88,22,Ahmedabad,Student,Yes,Male,Graduation,AMD,Android,Gujarat,Western,23.025793,72.587265,900,300,0,0,0,0,64,3,600,200,0,700,100,300
89,55,Delhi,Sabbatical,No,Male,Graduation,DEL,Android,Delhi,Northern,28.651952,77.231495,800,120,0,880,540,500,70,1,500,80,300,200,40,300
90,24,Kolkata,Student,No,Male,Graduation,CCU,Android,West Bengal,Eastern,22.562627,88.363044,850,60,0,0,415,975,161,22,550,50,870,105,10,300
91,55,Ranchi,Working professional,No,Female,Post graduation,IXR,iOs,Jharkhand,Eastern,23.347768,85.338564,825,25,0,845,655,650,35,0,525,20,300,350,5,300
92,34,Kolkata,Working professional,No,Male,Post graduation,CCU,Android,West Bengal,Eastern,22.562627,88.363044,0,0,0,0,900,0,0,0,0,0,0,600,0,300
93,32,Pune,Working professional,No,Female,Graduation,PNQ,Android,Maharashtra,Western,18.513271,73.849852,800,0,0,0,600,950,0,0,500,0,650,300,0,300
95,26,Delhi,Working professional,No,Male,Post graduation,DEL,iOs,Delhi,Northern,28.651952,77.231495,765,217,0,0,496,522,349,667,484,137,387,135,80,281
96,16,Mumbai,Student,No,Male,High School,BOM,iOs,Maharashtra,Western,18.987807,72.836447,0,0,0,0,858,665,331,116,970,0,570,95,484,279
97,22,Baroda,Working professional,No,Male,Graduation,BDQ,Android,Gujarat,Western,22.3072,73.1812,738,578,0,0,688,0,183,150,459,517,854,348,61,279
98,24,Mumbai,Working professional,No,Female,Graduation,BOM,iOs,Maharashtra,Western,18.987807,72.836447,645,0,0,0,0,0,0,259,367,0,498,578,215,278
99,25,Baroda,Working professional,No,Male,Post graduation,BDQ,Android,Gujarat,Western,22.3072,73.1812,633,583,0,0,679,0,508,25,355,368,815,186,215,278
100,48,Bagdogra,Sabbatical,No,Female,Graduation,IXB,Android,West Bengal,Eastern,26.6986,88.3117,703,0,0,756,413,466,0,0,427,0,329,137,0,276
101,30,Bengaluru,Working professional,No,Male,Graduation,BLR,Android,Karnataka,Southern,12.977063,77.587106,806,0,0,0,593,988,0,0,538,0,663,325,0,268
102,23,Hyderabad,Student,No,Male,Graduation,HYD,iOs,Telangana,Southern,17.384052,78.456355,908,0,0,0,710,546,0,82,643,0,430,116,329,265
103,23,Delhi,Working professional,No,Male,Graduation,DEL,Android,Delhi,Northern,28.651952,77.231495,0,700,0,0,0,0,453,126,780,500,0,720,200,260
104,29,Bengaluru,Working professional,No,Male,Graduation,BLR,Android,Karnataka,Southern,12.977063,77.587106,646,0,0,849,498,701,0,0,388,0,461,240,0,258
105,27,Bengaluru,Working professional,No,Female,Graduation,BLR,Android,Karnataka,Southern,12.977063,77.587106,736,680,0,0,874,0,273,98,479,440,675,377,240,257
106,65,Jaipur,Sabbatical,No,Male,High School,JAI,Android,Rajasthan,Northern,26.913312,75.787872,921,0,0,0,457,0,0,0,667,0,985,203,0,254
107,23,Nagpur,Working professional,No,Female,Graduation,NAG,iOs,MAHARASHTRA,Western,21.1458004,79.0881546,750,890,0,0,640,420,297,20,500,650,270,150,240,250
108,50,Mumbai,Sabbatical,No,Female,Graduation,BOM,Android,Maharashtra,Western,18.987807,72.836447,650,140,0,0,530,840,250,16,400,100,600,240,40,250
109,21,Ahmedabad,Student,No,Male,Graduation,AMD,Android,Gujarat,Western,23.025793,72.587265,950,0,0,0,450,0,0,0,700,0,0,200,0,250
110,26,Ahmedabad,Student,No,Female,Post graduation,AMD,Android,Gujarat,Western,23.025793,72.587265,750,0,900,600,300,150,0,0,500,0,100,50,0,250
111,47,DehraDun,Working professional,No,Male,Post graduation,DED,Android,Uttarakhand,Northern,30.324427,78.033922,933,0,0,0,375,665,0,0,684,0,539,126,0,249
112,30,Mumbai,Working professional,No,Male,Post graduation,BOM,Android,Maharashtra,Western,18.987807,72.836447,571,933,0,0,0,0,175,81,323,447,700,300,486,248
113,20,Patna,Student,No,Female,Graduation,PAT,Android,Bihar,Eastern,25.615379,85.101027,582,0,0,0,0,0,378,57,335,450,0,0,600,247
114,26,Mumbai,Working professional,No,Male,Graduation,BOM,Android,Maharashtra,Western,18.987807,72.836447,655,940,0,0,0,0,0,0,410,580,918,480,360,245
115,34,Lucknow,Working professional,No,Female,Graduation,LKO,Android,Uttar Pradesh,Northern,26.839281,80.923133,824,159,0,0,613,0,166,7,579,125,937,334,34,245
116,26,Kolkata,Student,Yes,Male,Post graduation,CCU,Android,West Bengal,Eastern,22.562627,88.363044,690,0,0,0,0,0,388,55,450,600,0,180,720,240
117,43,Bengaluru,Working professional,No,Male,Graduation,BLR,Android,Karnataka,Southern,12.977063,77.587106,0,0,0,0,0,0,325,47,0,832,0,960,600,240
118,31,Chennai,Working professional,No,Male,Post graduation,MAA,Android,Tamil Nadu,Southern,13.084622,80.248357,540,0,0,0,0,0,793,233,300,0,0,600,600,240
119,25,Chandigarh,Working professional,No,Female,Graduation,IXC,Android,Chandigarh,Northern,30.736292,76.788398,780,0,0,0,0,0,374,78,540,900,670,380,590,240
120,29,Delhi,Working professional,No,Male,Graduation,DEL,Android,Delhi,Northern,28.651952,77.231495,360,840,0,0,840,660,177,29,120,300,600,60,540,240
121,25,DehraDun,Working professional,No,Male,Post graduation,DED,Android,Uttarakhand,Northern,30.324427,78.033922,0,0,0,0,0,0,340,40,840,0,0,600,400,240
122,25,Bengaluru,Working professional,No,Female,Graduation,BLR,iOs,Karnataka,Southern,12.977063,77.587106,840,840,0,0,0,0,144,16,600,600,0,600,240,240
124,28,Hyderabad,Working professional,Yes,Male,Post graduation,HYD,iOs,Telangana,Southern,17.384052,78.456355,0,480,0,0,600,900,929,233,780,360,660,240,120,240
125,20,Ahmedabad,Student,No,Male,Graduation,AMD,iOs,Gujarat,Western,23.025793,72.587265,240,170,510,150,360,100,400,60,0,50,100,0,120,240
126,28,Bhubaneshwar,Sabbatical,No,Female,Post graduation,BBI,iOs,Odisha,Eastern,20.272411,85.833853,840,210,0,0,600,750,161,2,600,150,450,300,60,240
127,23,DehraDun,Student,No,Male,Post graduation,DED,Android,Uttarakhand,Northern,30.324427,78.033922,540,70,0,0,550,0,420,5,300,60,900,300,10,240
128,58,Ranchi,Working professional,No,Male,Post graduation,IXR,iOs,Jharkhand,Eastern,23.347768,85.338564,674,25,943,631,312,244,3,0,434,15,182,62,10,240
129,28,Mumbai,Working professional,No,Male,Post graduation,BOM,Android,Maharashtra,Western,18.987807,72.836447,480,40,580,300,280,60,300,4,240,30,30,30,10,240
131,51,Nagpur,Working professional,No,Female,Post graduation,NAG,Android,MAHARASHTRA,Western,21.1458004,79.0881546,840,0,0,0,360,0,0,0,600,0,900,120,0,240
132,26,Hyderabad,Working professional,No,Male,Graduation,HYD,Android,Telangana,Southern,17.384052,78.456355,540,0,735,375,360,195,199,0,300,0,75,120,0,240
133,28,Delhi,Student,No,Male,Post graduation,DEL,Android,Delhi,Northern,28.651952,77.231495,0,0,0,0,0,0,429,87,790,0,0,843,376,238
134,19,Bengaluru,Student,Yes,Female,High School,BLR,Android,Karnataka,Southern,12.977063,77.587106,621,0,0,0,0,758,0,112,387,0,472,286,670,234
135,24,Surat,Working professional,Yes,Female,Graduation,STV,iOs,Gujarat,Western,21.195944,72.830232,690,916,0,0,535,514,0,245,459,670,456,58,246,231
136,59,Mumbai,Sabbatical,No,Male,Graduation,BOM,Android,Maharashtra,Western,18.987807,72.836447,778,0,0,775,337,334,59,0,548,0,227,107,0,230
137,56,Mumbai,Working professional,No,Male,Post graduation,BOM,Android,Maharashtra,Western,18.987807,72.836447,0,101,0,0,437,0,378,4,0,75,853,186,26,225
138,45,Chandigarh,Sabbatical,No,Female,Graduation,IXC,Android,Chandigarh,Northern,30.736292,76.788398,670,675,0,0,895,0,346,15,450,460,715,460,215,220
139,27,Kolkata,Working professional,No,Male,Post graduation,CCU,Android,West Bengal,Eastern,22.562627,88.363044,520,350,0,900,670,700,500,85,300,200,400,300,150,220
140,45,Delhi,Sabbatical,No,Female,High School,DEL,Android,Delhi,Northern,28.651952,77.231495,690,0,850,590,260,160,0,0,470,0,120,40,0,220
141,55,Delhi,Working professional,No,Male,Graduation,DEL,iOs,Delhi,Northern,28.651952,77.231495,970,0,0,0,429,619,0,0,753,0,407,212,0,217
143,25,Mumbai,Student,No,Female,Post graduation,BOM,Android,Maharashtra,Western,18.987807,72.836447,643,888,0,0,755,0,370,211,432,567,887,223,321,211
145,14,Kolkata,Student,No,Male,High School,CCU,Android,West Bengal,Eastern,22.562627,88.363044,560,250,0,650,510,350,100,5,350,100,200,150,150,210
146,32,Kolkata,Working professional,No,Male,Post graduation,CCU,iOs,West Bengal,Eastern,22.562627,88.363044,564,193,0,0,715,0,321,17,354,120,0,432,73,210
147,33,Delhi,Working professional,No,Female,Graduation,DEL,iOs,Delhi,Northern,28.651952,77.231495,610,0,0,950,390,730,0,0,400,0,550,180,0,210
148,22,Lucknow,Student,Yes,Male,Graduation,LKO,Android,Uttar Pradesh,Northern,26.839281,80.923133,755,0,0,0,763,0,354,44,548,759,873,246,310,207
149,23,Bagdogra,Student,No,Male,Post graduation,IXB,Android,West Bengal,Eastern,26.6986,88.3117,0,97,0,0,571,0,138,66,843,65,0,335,32,204
150,24,Bagdogra,Working professional,No,Male,Graduation,IXB,Android,West Bengal,Eastern,26.6986,88.3117,492,643,0,0,653,684,451,126,289,456,421,263,187,203
151,22,Mumbai,Student,Yes,Female,Graduation,BOM,Android,Maharashtra,Western,18.987807,72.836447,620,0,0,0,0,0,0,80,420,0,0,0,0,200
153,21,Ahmedabad,Student,No,Female,Graduation,AMD,iOs,Gujarat,Western,23.025793,72.587265,700,0,0,0,0,0,0,63,500,0,0,500,600,200
154,24,Mumbai,Student,No,Female,Graduation,BOM,Android,Maharashtra,Western,18.987807,72.836447,700,0,0,0,750,0,0,162,500,800,0,150,400,200
155,24,Bengaluru,Working professional,No,Male,Graduation,BLR,Android,Karnataka,Southern,12.977063,77.587106,620,0,0,0,660,240,250,25,420,900,180,60,400,200
156,26,Ahmedabad,Sabbatical,No,Female,Graduation,AMD,Android,Gujarat,Western,23.025793,72.587265,200,550,0,510,600,360,200,25,0,150,360,0,400,200
158,25,Ahmedabad,Working professional,No,Female,Graduation,AMD,iOs,Gujarat,Western,23.025793,72.587265,600,0,0,0,0,0,0,96,400,0,0,500,350,200
159,26,Ahmedabad,Working professional,No,Male,Graduation,AMD,Android,Gujarat,Western,23.025793,72.587265,600,0,0,0,0,0,0,349,400,800,0,600,300,200
160,25,Mumbai,Student,No,Female,Graduation,BOM,Android,Maharashtra,Western,18.987807,72.836447,700,0,0,0,0,0,0,69,500,0,0,500,300,200
161,22,Ahmedabad,Working professional,No,Male,Graduation,AMD,Android,Gujarat,Western,23.025793,72.587265,700,0,0,0,900,0,0,148,500,0,0,400,300,200
162,25,Delhi,Student,No,Male,Post graduation,DEL,Android,Delhi,Northern,28.651952,77.231495,500,800,0,0,850,0,400,100,300,500,700,350,300,200
163,22,Mumbai,Student,Yes,Female,Graduation,BOM,iOs,Maharashtra,Western,18.987807,72.836447,500,540,0,0,560,720,600,65,300,300,600,120,240,200
164,47,Chandigarh,Sabbatical,No,Female,Graduation,IXC,iOs,Chandigarh,Northern,30.736292,76.788398,600,570,0,0,685,900,156,2,400,380,605,295,190,200
165,26,Delhi,Working professional,Yes,Male,Post graduation,DEL,Android,Delhi,Northern,28.651952,77.231495,980,640,0,0,860,0,0,289,780,460,0,480,180,200
167,26,Delhi,Working professional,No,Female,Post graduation,DEL,iOs,Delhi,Northern,28.651952,77.231495,250,570,995,625,370,175,316,38,50,450,125,50,120,200
168,30,Mumbai,Working professional,No,Female,Graduation,BOM,Android,Maharashtra,Western,18.987807,72.836447,800,0,0,0,500,0,194,16,600,0,0,200,100,200
169,35,Kolkata,Working professional,No,Female,Post graduation,CCU,Android,West Bengal,Eastern,22.562627,88.363044,600,0,0,0,500,0,367,46,400,0,0,200,100,200
170,65,Ahmedabad,Sabbatical,No,Male,Graduation,AMD,Android,Gujarat,Western,23.025793,72.587265,900,250,0,0,350,0,67,1,700,200,900,100,50,200
171,57,Delhi,Working professional,No,Male,Graduation,DEL,Android,Delhi,Northern,28.651952,77.231495,500,0,0,700,300,500,0,0,300,0,400,100,0,200
172,24,Delhi,Student,No,Female,Graduation,DEL,Android,Delhi,Northern,28.651952,77.231495,416,617,0,0,682,951,162,63,218,452,632,319,165,198
173,23,Kolkata,Student,Yes,Female,Graduation,CCU,Android,West Bengal,Eastern,22.562627,88.363044,799,754,0,0,548,630,351,289,602,568,465,165,186,197
174,24,Baroda,Student,No,Male,Post graduation,BDQ,Android,Gujarat,Western,22.3072,73.1812,679,640,0,0,637,945,287,58,483,446,698,247,194,196
175,21,Kolkata,Student,No,Male,Post graduation,CCU,Android,West Bengal,Eastern,22.562627,88.363044,574,859,0,0,0,0,254,293,381,529,0,0,330,193
176,28,Mumbai,Working professional,No,Female,Post graduation,BOM,iOs,Maharashtra,Western,18.987807,72.836447,712,919,0,0,959,0,0,80,520,614,0,462,305,192
177,37,Pune,Working professional,No,Female,Post graduation,PNQ,Android,Maharashtra,Western,18.513271,73.849852,554,250,0,0,559,0,183,117,362,168,752,285,82,192
178,55,Mumbai,Sabbatical,No,Female,Graduation,BOM,Android,Maharashtra,Western,18.987807,72.836447,474,60,965,654,311,431,88,3,282,57,315,116,3,192
179,24,Delhi,Student,No,Male,Graduation,DEL,iOs,Delhi,Northern,28.651952,77.231495,639,103,0,973,399,630,255,51,448,72,453,177,31,191
180,25,Delhi,Student,No,Female,Graduation,DEL,Android,Delhi,Northern,28.651952,77.231495,430,380,0,0,590,0,400,2,240,180,0,200,200,190
181,48,Kolkata,Working professional,No,Male,Graduation,CCU,Android,West Bengal,Eastern,22.562627,88.363044,293,20,0,661,390,738,175,1,103,20,538,200,0,190
183,62,Delhi,Working professional,No,Male,Graduation,DEL,Android,Delhi,Northern,28.651952,77.231495,722,0,0,0,322,625,0,0,533,0,492,133,0,189
184,32,Lucknow,Working professional,Yes,Male,Graduation,LKO,iOs,Uttar Pradesh,Northern,26.839281,80.923133,0,0,0,0,0,0,987,256,0,0,0,0,271,187
185,22,Bengaluru,Working professional,No,Male,Graduation,BLR,Android,Karnataka,Southern,12.977063,77.587106,609,0,0,0,0,0,496,38,427,0,0,971,215,182
186,24,Delhi,Sabbatical,No,Female,Graduation,DEL,Android,Delhi,Northern,28.651952,77.231495,480,0,0,0,0,0,0,107,300,840,0,480,600,180
187,27,Bengaluru,Working professional,Yes,Female,Post graduation,BLR,Android,Karnataka,Southern,12.977063,77.587106,630,0,0,0,0,0,774,110,450,900,700,500,480,180
188,24,Lucknow,Working professional,No,Female,Graduation,LKO,iOs,Uttar Pradesh,Northern,26.839281,80.923133,0,0,0,0,890,0,401,113,0,0,0,350,360,180
189,24,Hyderabad,Student,No,Male,Post graduation,Hyd,Android,Telangana,Southern,17.384052,78.456355,600,0,0,0,600,0,234,14,420,0,840,180,240,180
190,28,Pune,Working professional,No,Female,Post graduation,PNQ,iOs,Maharashtra,Western,18.513271,73.849852,600,740,0,0,775,0,432,16,420,510,840,365,230,180
191,26,Kolkata,Working professional,No,Female,Post graduation,CCU,Android,West Bengal,Eastern,22.562627,88.363044,430,550,0,0,780,900,190,55,250,350,500,400,200,180
192,28,Mumbai,Working professional,No,Female,Graduation,BOM,Android,Maharashtra,Western,18.987807,72.836447,600,700,0,0,410,180,760,47,420,500,150,30,200,180
193,35,Delhi,Working professional,No,Female,Post graduation,DEL,iOs,Delhi,Northern,28.651952,77.231495,580,330,0,0,600,840,134,152,400,150,600,240,180,180
194,24,Delhi,Sabbatical,Yes,Male,Graduation,DEL,iOs,Delhi,Northern,28.651952,77.231495,780,960,0,0,0,0,800,70,600,840,420,0,120,180
195,25,Kolkata,Sabbatical,No,Female,Graduation,CCU,Android,West Bengal,Eastern,22.562627,88.363044,480,325,0,950,355,500,250,6,300,250,400,100,75,180
196,30,DehraDun,Working professional,No,Male,Post graduation,DED,Android,Uttarakhand,Northern,30.324427,78.033922,810,150,0,0,410,830,120,0,630,120,630,200,30,180
197,25,Nagpur,Working professional,No,Female,Post graduation,NAG,Android,MAHARASHTRA,Western,21.1458004,79.0881546,480,0,710,470,240,230,0,0,300,0,170,60,0,180
198,23,Chandigarh,Student,No,Female,Graduation,IXC,iOs,Chandigarh,Northern,30.736292,76.788398,413,484,0,0,750,0,484,29,234,369,915,456,115,179
199,20,Mumbai,Student,No,Female,Graduation,BOM,Android,Maharashtra,Western,18.987807,72.836447,742,717,0,0,495,618,997,65,564,542,476,142,175,178
200,29,Kolkata,Working professional,Yes,Female,Post graduation,CCU,iOs,West Bengal,Eastern,22.562627,88.363044,0,0,0,0,0,0,0,384,852,0,0,658,270,176
201,19,Delhi,Student,No,Male,High School,DEL,Android,Delhi,Northern,28.651952,77.231495,400,236,0,655,441,460,160,70,225,140,290,170,96,175
202,72,Ahmedabad,Working professional,No,Female,Post graduation,AMD,Android,Gujarat,Western,23.025793,72.587265,361,324,999,433,566,314,40,6,187,124,122,192,200,174
203,21,Ahmedabad,Student,No,Female,Graduation,AMD,iOs,Gujarat,Western,23.025793,72.587265,608,612,0,0,519,558,444,108,435,428,396,162,184,173
204,25,Kolkata,Student,No,Male,Post graduation,CCU,Android,West Bengal,Eastern,22.562627,88.363044,719,0,0,0,251,560,450,78,546,0,482,78,0,173
205,27,Delhi,Working professional,Yes,Female,Graduation,DEL,Android,Delhi,Northern,28.651952,77.231495,420,0,0,0,535,965,206,43,250,950,820,145,220,170
206,25,Baroda,Working professional,No,Male,Post graduation,BDQ,Android,Gujarat,Western,22.3072,73.1812,449,356,0,0,533,999,349,260,279,259,733,266,97,170
207,50,Delhi,Working professional,No,Male,Graduation,DEL,Android,Delhi,Northern,28.651952,77.231495,530,0,0,760,430,660,0,0,360,0,400,260,0,170
208,25,Delhi,Sabbatical,No,Male,Graduation,DEL,Android,Delhi,Northern,28.651952,77.231495,410,0,0,720,390,700,140,12,240,0,480,220,0,170
209,35,Chennai,Working professional,No,Male,Graduation,MAA,iOs,Tamil Nadu,Southern,13.084622,80.248357,656,0,0,0,877,0,244,65,488,856,723,353,356,168
210,20,Mumbai,Student,No,Male,Graduation,BOM,iOs,Maharashtra,Western,18.987807,72.836447,699,700,0,0,454,620,475,35,532,546,487,133,154,167
211,22,Kolkata,Student,No,Female,Graduation,CCU,iOs,West Bengal,Eastern,22.562627,88.363044,727,625,0,0,426,576,323,48,562,487,453,123,138,165
212,47,Kolkata,Working professional,No,Male,Post graduation,CCU,iOs,West Bengal,Eastern,22.562627,88.363044,711,0,0,0,244,555,0,0,546,0,476,79,0,165
213,24,Mumbai,Working professional,No,Female,Post graduation,BOM,Android,Maharashtra,Western,18.987807,72.836447,640,0,0,0,940,0,225,6,480,0,840,240,540,160
214,30,Jaipur,Working professional,No,Male,Post graduation,JAI,Android,Rajasthan,Northern,26.913312,75.787872,285,997,0,0,0,0,512,98,125,699,0,877,298,160
215,17,Mumbai,Student,No,Female,High School,BOM,Android,Maharashtra,Western,18.987807,72.836447,583,745,0,0,430,0,467,55,423,635,960,160,110,160
216,28,Hyderabad,Working professional,No,Male,Post graduation,HYD,iOs,Telangana,Southern,17.384052,78.456355,280,0,0,0,280,0,0,0,120,0,0,120,0,160
217,24,Delhi,Working professional,No,Female,Graduation,DEL,iOs,Delhi,Northern,28.651952,77.231495,397,0,0,0,697,0,213,52,239,765,840,293,246,158
218,24,Kolkata,Working professional,Yes,Male,Post graduation,CCU,iOs,West Bengal,Eastern,22.562627,88.363044,374,455,0,741,476,388,0,52,216,312,213,175,143,158
220,34,Kolkata,Sabbatical,No,Female,Graduation,CCU,Android,West Bengal,Eastern,22.562627,88.363044,887,0,0,958,235,306,0,0,731,0,227,79,0,156
221,24,Delhi,Working professional,No,Male,Graduation,DEL,Android,Delhi,Northern,28.651952,77.231495,914,442,0,0,445,936,129,22,759,368,720,216,74,155
222,22,Mumbai,Student,No,Female,Post graduation,BOM,Android,Maharashtra,Western,18.987807,72.836447,386,603,0,0,791,0,654,109,232,398,765,432,205,154
223,23,Delhi,Student,No,Male,Graduation,DEL,Android,Delhi,Northern,28.651952,77.231495,226,298,750,362,388,226,270,42,72,185,105,121,113,154
224,22,Pune,Working professional,No,Female,Graduation,PNQ,Android,Maharashtra,Western,18.513271,73.849852,400,0,0,0,0,0,557,143,247,879,0,622,352,153
225,26,Kolkata,Working professional,No,Male,Graduation,CCU,Android,West Bengal,Eastern,22.562627,88.363044,250,0,0,600,0,286,300,9,100,400,100,186,870,150
226,29,Kolkata,Working professional,No,Female,Post graduation,CCU,iOs,West Bengal,Eastern,22.562627,88.363044,400,0,0,0,0,0,800,91,250,800,0,760,420,150
227,24,Delhi,Working professional,Yes,Male,Graduation,DEL,Android,Delhi,Northern,28.651952,77.231495,495,975,0,0,0,0,187,26,345,585,790,475,390,150
228,24,Mumbai,Working professional,No,Female,Graduation,BOM,Android,Maharashtra,Western,18.987807,72.836447,570,0,0,0,750,670,0,38,420,800,420,250,350,150
229,27,Mumbai,Working professional,No,Female,Graduation,BOM,Android,Maharashtra,Western,18.987807,72.836447,450,0,0,0,510,360,295,45,300,700,300,60,300,150
230,21,Delhi,Student,Yes,Female,Graduation,DEL,Android,Delhi,Northern,28.651952,77.231495,250,460,0,600,730,620,165,32,100,200,300,320,260,150
231,20,Ahmedabad,Student,Yes,Female,Graduation,AMD,iOs,Gujarat,Western,23.025793,72.587265,300,550,0,950,600,700,0,212,150,300,500,200,250,150
232,19,Mumbai,Student,No,Female,Graduation,BOM,iOs,Maharashtra,Western,18.987807,72.836447,350,840,0,0,510,420,0,154,200,600,300,120,240,150
233,34,Mumbai,Working professional,No,Male,Graduation,BOM,Android,Maharashtra,Western,18.987807,72.836447,585,766,0,0,567,536,246,371,435,551,334,202,215,150
234,26,Kolkata,Working professional,No,Male,Post graduation,CCU,Android,West Bengal,Eastern,22.562627,88.363044,350,500,0,900,600,650,330,9,200,300,400,250,200,150
235,32,Mumbai,Working professional,No,Female,Post graduation,BOM,iOs,Maharashtra,Western,18.987807,72.836447,450,450,0,850,550,500,350,10,300,250,300,200,200,150
236,26,Mumbai,Working professional,No,Female,Post graduation,BOM,Android,Maharashtra,Western,18.987807,72.836447,340,440,0,750,480,450,400,7,190,260,300,150,180,150
237,22,Ahmedabad,Student,No,Male,Graduation,AMD,Android,Gujarat,Western,23.025793,72.587265,650,650,0,0,750,0,0,55,500,500,0,450,150,150
238,29,Vishakhapatnam,Sabbatical,No,Female,Post graduation,VTZ,Android,Andhra Pradesh,Southern,17.704052,83.297663,330,360,0,0,565,0,0,909,180,240,0,295,120,150
239,22,Mumbai,Student,No,Male,Post graduation,BOM,Android,Maharashtra,Western,18.987807,72.836447,368,412,0,767,341,328,441,23,218,309,240,88,103,150
240,25,Mumbai,Sabbatical,No,Male,Graduation,BOM,Android,Maharashtra,Western,18.987807,72.836447,489,389,0,0,509,695,472,131,339,293,432,263,96,150
241,23,Baroda,Working professional,No,Male,Graduation,BDQ,Android,Gujarat,Western,22.3072,73.1812,413,544,0,0,479,834,519,35,263,480,569,265,64,150
242,40,Mumbai,Working professional,No,Male,Graduation,BOM,Android,Maharashtra,Western,18.987807,72.836447,350,150,0,800,450,750,150,1,200,100,500,250,50,150
243,13,Kolkata,Student,No,Male,High School,CCU,iOs,West Bengal,Eastern,22.562627,88.363044,250,125,525,280,245,150,65,2,100,80,100,50,45,150
244,52,Chandigarh,Working professional,No,Male,Graduation,IXC,iOs,Chandigarh,Northern,30.736292,76.788398,490,0,0,0,470,0,0,0,340,0,680,320,0,150
245,51,Ranchi,Working professional,No,Female,Post graduation,IXR,Android,Jharkhand,Eastern,23.347768,85.338564,450,0,750,450,300,300,0,0,300,0,150,150,0,150
246,47,Ahmedabad,Working professional,No,Male,Post graduation,AMD,Android,Gujarat,Western,23.025793,72.587265,510,0,0,780,240,510,288,52,360,0,420,90,0,150
247,38,Delhi,Working professional,No,Male,Graduation,DEL,Android,Delhi,Northern,28.651952,77.231495,526,124,0,0,375,851,158,27,378,90,658,193,34,148
248,23,Kolkata,Working professional,No,Female,Graduation,CCU,Android,West Bengal,Eastern,22.562627,88.363044,467,606,0,0,696,0,763,129,321,488,629,432,118,146
249,43,Delhi,Sabbatical,No,Male,Graduation,DEL,Android,Delhi,Northern,28.651952,77.231495,452,2,709,520,189,255,51,0,307,1,212,43,1,145
250,24,Delhi,Working professional,No,Female,Post graduation,DEL,Android,Delhi,Northern,28.651952,77.231495,432,0,836,589,247,404,204,31,287,0,302,102,0,145
251,22,Delhi,Student,No,Male,Graduation,DEL,iOs,Delhi,Northern,28.651952,77.231495,544,0,0,0,599,0,278,6,400,854,925,165,290,144
252,24,Mumbai,Student,No,Female,Post graduation,BOM,Android,Maharashtra,Western,18.987807,72.836447,741,0,0,0,830,0,373,89,598,0,0,324,363,143
254,25,Delhi,Sabbatical,No,Male,Graduation,DEL,Android,Delhi,Northern,28.651952,77.231495,377,0,0,856,268,747,0,0,235,0,621,126,0,142
255,47,Udaipur,Sabbatical,No,Female,Post graduation,UDR,Android,Rajasthan,Northern,24.57951,73.690508,564,202,0,0,779,0,127,37,423,147,0,583,55,141
256,21,Ahmedabad,Working professional,Yes,Female,Graduation,AMD,Android,Gujarat,Western,23.025793,72.587265,488,0,0,0,0,0,898,116,349,0,0,876,255,139
257,21,Ahmedabad,Sabbatical,No,Female,Graduation,AMD,Android,Gujarat,Western,23.025793,72.587265,519,0,0,0,954,0,0,126,382,0,0,600,217,137
258,24,Baroda,Student,No,Female,Post graduation,BDQ,Android,Gujarat,Western,22.3072,73.1812,401,350,0,0,543,0,294,60,264,268,800,324,82,137
259,47,Delhi,Working professional,No,Female,Post graduation,DEL,Android,Delhi,Northern,28.651952,77.231495,215,72,0,0,569,0,36,4,78,25,998,385,47,137
260,29,Kochi,Working professional,No,Female,Graduation,COK,Android,Kerala,Southern,9.947743,76.253802,508,777,0,0,0,0,745,46,376,599,367,870,178,132
261,23,Delhi,Student,No,Female,Graduation,DEL,Android,Delhi,Northern,28.651952,77.231495,432,267,0,939,350,590,798,91,300,189,450,140,78,132
262,23,Delhi,Working professional,No,Male,Graduation,DEL,Android,Delhi,Northern,28.651952,77.231495,430,810,0,0,850,0,236,8,300,550,0,460,260,130
263,53,Delhi,Sabbatical,Yes,Female,Post graduation,DEL,iOs,Delhi,Northern,28.651952,77.231495,530,402,0,0,332,600,124,27,400,300,500,100,102,130
265,23,Jaipur,Working professional,No,Male,Graduation,JAI,iOs,Rajasthan,Northern,26.913312,75.787872,675,696,0,0,0,0,572,44,546,504,0,0,192,129
266,25,Kolkata,Sabbatical,No,Female,Graduation,CCU,Android,West Bengal,Eastern,22.562627,88.363044,295,0,0,0,0,797,248,60,167,487,363,434,657,128
267,43,Delhi,Sabbatical,No,Female,Graduation,DEL,Android,Delhi,Northern,28.651952,77.231495,606,1,670,544,126,63,68,1,480,1,63,0,0,126
268,23,Chandigarh,Sabbatical,No,Male,Graduation,IXC,Android,Chandigarh,Northern,30.736292,76.788398,355,550,0,0,565,720,224,3,230,340,490,230,210,125
269,30,Bengaluru,Working professional,No,Male,Post graduation,BLR,Android,Karnataka,Southern,12.977063,77.587106,170,376,0,893,357,704,713,236,45,210,638,66,166,125
270,32,Delhi,Working professional,No,Male,Graduation,DEL,Android,Delhi,Northern,28.651952,77.231495,360,155,0,857,439,781,138,22,235,100,522,259,55,125
271,20,Kolkata,Student,No,Male,Graduation,CCU,Android,West Bengal,Eastern,22.562627,88.363044,576,0,0,0,0,0,761,56,452,0,0,743,652,124
272,23,Ahmedabad,Student,No,Male,Graduation,AMD,Android,Gujarat,Western,23.025793,72.587265,467,419,0,0,517,745,0,368,343,248,523,222,171,124
273,22,Kochi,Sabbatical,No,Female,Graduation,COK,Android,Kerala,Southern,9.947743,76.253802,674,0,0,0,0,0,769,67,551,0,0,679,326,123
274,27,Lucknow,Working professional,No,Male,Post graduation,LKO,Android,Uttar Pradesh,Northern,26.839281,80.923133,694,0,0,0,579,0,402,29,571,879,0,203,253,123
275,24,Kolkata,Working professional,No,Male,Graduation,CCU,iOs,West Bengal,Eastern,22.562627,88.363044,435,576,0,0,646,0,544,140,312,449,885,396,127,123
276,48,Mumbai,Working professional,No,Female,Graduation,BOM,Android,Maharashtra,Western,18.987807,72.836447,258,62,460,244,216,140,109,4,135,23,86,54,39,123
277,28,Mumbai,Sabbatical,Yes,Male,Post graduation,BOM,Android,Maharashtra,Western,18.987807,72.836447,447,0,0,0,0,0,425,85,325,887,0,745,887,122
278,22,Kolkata,Sabbatical,Yes,Male,Graduation,CCU,Android,West Bengal,Eastern,22.562627,88.363044,354,0,0,0,665,0,547,373,232,777,0,110,433,122
279,16,Mumbai,Student,No,Male,High School,BOM,Android,Maharashtra,Western,18.987807,72.836447,772,0,0,0,0,0,762,96,650,0,0,745,347,122
280,24,Mumbai,Working professional,Yes,Female,Graduation,BOM,Android,Maharashtra,Western,18.987807,72.836447,386,688,0,0,618,0,0,609,264,478,744,286,210,122
281,24,Chennai,Student,No,Female,Post graduation,MAA,Android,Tamil Nadu,Southern,13.084622,80.248357,538,662,0,0,644,0,739,230,417,422,854,283,240,121
282,28,Vishakhapatnam,Working professional,Yes,Female,Post graduation,VTZ,iOs,Andhra Pradesh,Southern,17.704052,83.297663,440,0,0,0,0,0,0,989,320,0,0,295,0,120
283,29,Mumbai,Working professional,No,Male,Post graduation,BOM,Android,Maharashtra,Western,18.987807,72.836447,0,0,0,0,0,0,400,1,0,0,0,0,0,120
284,23,Mumbai,Sabbatical,No,Female,Graduation,BOM,iOs,Maharashtra,Western,18.987807,72.836447,420,0,0,0,0,0,844,73,300,0,900,627,840,120
285,16,Kolkata,Student,No,Female,High School,CCU,Android,West Bengal,Eastern,22.562627,88.363044,165,0,0,0,0,0,0,108,45,720,0,0,780,120
286,34,Pune,Sabbatical,No,Male,Post graduation,PNQ,Android,Maharashtra,Western,18.513271,73.849852,240,900,0,0,0,0,524,34,120,300,600,0,600,120
287,31,Chennai,Working professional,No,Female,Post graduation,MAA,Android,Tamil Nadu,Southern,13.084622,80.248357,420,0,0,0,0,0,766,382,300,0,0,840,600,120
288,23,Lucknow,Sabbatical,No,Female,Graduation,LKO,Android,Uttar Pradesh,Northern,26.839281,80.923133,0,0,0,0,0,0,235,120,0,0,0,560,585,120
289,24,Delhi,Student,No,Female,Post graduation,DEL,iOs,Delhi,Northern,28.651952,77.231495,540,0,0,0,940,0,0,456,420,0,0,345,475,120
290,23,Lucknow,Working professional,No,Female,Graduation,LKO,iOs,Uttar Pradesh,Northern,26.839281,80.923133,680,0,0,0,0,0,302,43,560,0,0,480,465,120
291,24,Jaipur,Working professional,No,Female,Graduation,JAI,Android,Rajasthan,Northern,26.913312,75.787872,270,880,0,0,980,0,595,85,150,500,0,480,380,120
292,24,Jaipur,Working professional,No,Male,Graduation,JAI,Android,Rajasthan,Northern,26.913312,75.787872,420,0,0,0,0,0,562,185,300,900,0,840,360,120
293,26,Bengaluru,Working professional,No,Male,Graduation,BLR,iOs,Karnataka,Southern,12.977063,77.587106,315,930,0,0,840,0,0,490,195,570,0,360,360,120
294,25,Kolkata,Working professional,No,Female,Post graduation,CCU,Android,West Bengal,Eastern,22.562627,88.363044,540,800,0,0,760,840,160,110,420,480,520,320,320,120
295,28,Delhi,Working professional,Yes,Male,Graduation,DEL,Android,Delhi,Northern,28.651952,77.231495,335,840,0,0,755,0,210,10,215,530,780,325,310,120
296,21,Mumbai,Student,No,Male,High School,BOM,Android,Maharashtra,Western,18.987807,72.836447,140,340,0,180,0,720,45,2,20,40,120,600,300,120
298,24,Udaipur,Working professional,No,Female,Post graduation,UDR,Android,Rajasthan,Northern,24.57951,73.690508,540,0,0,0,840,0,350,14,420,0,0,480,240,120
299,19,Ahmedabad,Student,No,Female,Post graduation,AMD,Android,Gujarat,Western,23.025793,72.587265,240,0,0,0,660,0,358,12,120,0,0,300,240,120
300,19,Kolkata,Student,Yes,Female,High School,CCU,iOs,West Bengal,Eastern,22.562627,88.363044,820,0,0,0,600,0,390,20,700,0,0,240,240,120
301,30,Delhi,Working professional,Yes,Male,Post graduation,DEL,iOs,Delhi,Northern,28.651952,77.231495,270,600,0,900,480,510,211,160,150,360,390,120,240,120
302,18,Mumbai,Student,No,Male,High School,BOM,Android,Maharashtra,Western,18.987807,72.836447,420,700,0,0,480,560,451,45,300,500,400,160,200,120
303,24,Mumbai,Sabbatical,No,Male,Post graduation,BOM,Android,Maharashtra,Western,18.987807,72.836447,420,550,0,0,470,550,567,37,300,350,400,150,200,120
304,24,Mumbai,Working professional,No,Male,Graduation,BOM,Android,Maharashtra,Western,18.987807,72.836447,210,300,950,410,540,440,191,11,90,120,200,240,180,120
306,26,Pune,Student,Yes,Female,Graduation,PNQ,Android,Maharashtra,Western,18.513271,73.849852,470,600,0,0,420,360,750,79,350,420,240,120,180,120
307,24,Delhi,Working professional,No,Male,Graduation,DEL,Android,Delhi,Northern,28.651952,77.231495,520,720,0,0,650,0,370,23,400,550,790,360,170,120
308,22,Mumbai,Student,No,Female,Graduation,BOM,iOs,Maharashtra,Western,18.987807,72.836447,556,670,0,0,395,640,632,29,436,538,497,143,132,120
309,24,Vishakhapatnam,Student,Yes,Female,Graduation,VTZ,Android,Andhra Pradesh,Southern,17.704052,83.297663,540,210,0,930,540,720,40,7,420,90,420,300,120,120
310,49,Delhi,Working professional,No,Female,Post graduation,DEL,Android,Delhi,Northern,28.651952,77.231495,480,720,0,0,360,0,535,80,360,600,0,120,120,120
311,25,Pune,Working professional,No,Female,Graduation,PNQ,Android,Maharashtra,Western,18.513271,73.849852,300,420,0,780,360,420,800,277,180,300,300,120,120,120
312,25,Surat,Working professional,No,Male,Graduation,STV,iOs,Gujarat,Western,21.195944,72.830232,150,240,570,210,360,180,200,17,30,120,60,120,120,120
313,22,Chennai,Working professional,Yes,Female,Graduation,MAA,Android,Tamil Nadu,Southern,13.084622,80.248357,120,840,0,0,360,840,450,38,0,720,720,120,120,120
314,29,Kolkata,Working professional,No,Female,Post graduation,CCU,Android,West Bengal,Eastern,22.562627,88.363044,420,360,0,0,360,600,800,5,300,300,420,180,60,120
315,29,Kolkata,Sabbatical,No,Male,Post graduation,CCU,Android,West Bengal,Eastern,22.562627,88.363044,360,180,0,720,360,540,641,0,240,120,360,180,60,120
316,27,Mumbai,Working professional,No,Male,Post graduation,BOM,Android,Maharashtra,Western,18.987807,72.836447,420,90,930,660,270,420,230,37,300,60,300,120,30,120
318,49,Kolkata,Working professional,No,Male,Graduation,CCU,Android,West Bengal,Eastern,22.562627,88.363044,0,0,0,0,420,800,0,0,0,0,500,300,0,120
319,56,Lucknow,Working professional,No,Male,Graduation,LKO,Android,Uttar Pradesh,Northern,26.839281,80.923133,420,0,0,0,390,0,0,0,300,0,750,270,0,120
320,27,Kolkata,Sabbatical,No,Female,Post graduation,CCU,Android,West Bengal,Eastern,22.562627,88.363044,240,0,720,420,300,480,10,5,120,0,300,180,0,120
321,21,Hyderabad,Student,No,Female,Graduation,Hyd,iOs,Telangana,Southern,17.384052,78.456355,540,0,940,720,220,400,0,0,420,0,300,100,0,120
322,53,Delhi,Sabbatical,No,Female,Post graduation,DEL,Android,Delhi,Northern,28.651952,77.231495,170,0,355,200,155,185,0,0,50,0,150,35,0,120
323,19,Kolkata,Student,No,Male,High School,CCU,Android,West Bengal,Eastern,22.562627,88.363044,593,204,0,866,215,284,78,12,476,156,234,50,48,117
324,21,Lucknow,Sabbatical,No,Female,Graduation,LKO,Android,Uttar Pradesh,Northern,26.839281,80.923133,604,0,0,0,0,0,509,84,488,0,0,372,560,116
326,21,Kolkata,Student,No,Female,Post graduation,CCU,iOs,West Bengal,Eastern,22.562627,88.363044,337,445,0,0,491,0,373,24,221,310,780,240,135,116
328,19,Delhi,Student,No,Female,High School,DEL,Android,Delhi,Northern,28.651952,77.231495,661,0,0,0,653,926,341,83,548,861,694,232,308,113
329,43,Vishakhapatnam,Sabbatical,No,Female,Post graduation,VTZ,Android,Andhra Pradesh,Southern,17.704052,83.297663,395,156,0,735,293,477,382,0,282,112,341,136,44,113
330,24,Delhi,Working professional,No,Male,Graduation,DEL,Android,Delhi,Northern,28.651952,77.231495,337,789,0,0,0,0,269,55,225,432,0,973,357,112
331,26,Kolkata,Student,No,Male,Graduation,CCU,iOs,West Bengal,Eastern,22.562627,88.363044,212,995,0,0,657,0,442,18,100,650,0,200,345,112
332,21,Kolkata,Student,No,Male,Graduation,CCU,Android,West Bengal,Eastern,22.562627,88.363044,212,945,0,0,657,600,437,17,100,600,400,200,345,112
333,21,Kolkata,Student,Yes,Male,Graduation,CCU,Android,West Bengal,Eastern,22.562627,88.363044,637,973,0,0,621,0,500,70,525,664,0,200,309,112
334,44,Kolkata,Sabbatical,No,Female,Graduation,CCU,Android,West Bengal,Eastern,22.562627,88.363044,591,0,0,924,235,568,0,0,479,0,445,123,0,112
335,48,Kolkata,Working professional,No,Male,Post graduation,CCU,iOs,West Bengal,Eastern,22.562627,88.363044,432,114,0,0,677,0,102,4,321,91,873,543,23,111
336,24,Mumbai,Sabbatical,No,Female,Post graduation,BOM,iOs,Maharashtra,Western,18.987807,72.836447,670,0,0,0,758,0,340,232,560,0,0,320,328,110
337,24,Pune,Working professional,No,Male,Graduation,PNQ,iOs,Maharashtra,Western,18.513271,73.849852,460,0,0,0,490,680,510,127,350,720,600,80,300,110
338,25,Mumbai,Working professional,No,Male,Graduation,BOM,Android,Maharashtra,Western,18.987807,72.836447,338,120,0,759,403,704,532,12,228,66,465,239,54,110
339,25,Mumbai,Working professional,No,Male,Post graduation,BOM,Android,Maharashtra,Western,18.987807,72.836447,344,301,0,806,249,410,645,91,234,272,300,110,29,110
340,26,Mumbai,Working professional,No,Male,Post graduation,BOM,iOs,Maharashtra,Western,18.987807,72.836447,562,0,0,0,722,0,621,190,453,765,986,342,271,109
341,22,Jaipur,Student,No,Female,Graduation,JAI,Android,Rajasthan,Northern,26.913312,75.787872,428,629,0,0,389,504,304,46,320,465,387,117,164,108
342,23,Delhi,Working professional,No,Male,Graduation,DEL,iOs,Delhi,Northern,28.651952,77.231495,460,0,0,0,0,0,0,13,353,0,0,573,340,107
343,25,Kolkata,Working professional,No,Male,Graduation,CCU,Android,West Bengal,Eastern,22.562627,88.363044,272,471,0,0,375,0,657,89,165,357,0,154,114,107
344,21,Mumbai,Student,Yes,Male,Graduation,BOM,Android,Maharashtra,Western,18.987807,72.836447,634,0,0,0,674,0,0,165,530,0,956,222,348,104
345,25,Chandigarh,Working professional,No,Female,Post graduation,IXC,iOs,Chandigarh,Northern,30.736292,76.788398,319,0,0,0,397,488,0,0,215,780,420,68,225,104
346,27,Hyderabad,Working professional,No,Male,Graduation,HYD,Android,Telangana,Southern,17.384052,78.456355,300,658,0,955,479,476,656,374,198,398,359,117,260,102
347,22,Kolkata,Student,No,Female,Graduation,CCU,Android,West Bengal,Eastern,22.562627,88.363044,430,567,0,0,363,513,662,88,328,432,387,126,135,102
348,31,Delhi,Working professional,No,Male,Graduation,DEL,iOs,Delhi,Northern,28.651952,77.231495,245,352,0,925,295,623,281,14,143,274,508,115,78,102
349,21,Mumbai,Student,No,Female,Graduation,BOM,iOs,Maharashtra,Western,18.987807,72.836447,340,0,0,0,0,0,0,98,240,0,0,0,0,100
350,18,Mumbai,Student,No,Male,High School,BOM,Android,Maharashtra,Western,18.987807,72.836447,600,0,0,0,0,0,700,480,500,0,0,400,0,100
351,24,Lucknow,Student,No,Male,Graduation,LKO,Android,Uttar Pradesh,Northern,26.839281,80.923133,400,0,0,0,0,0,471,57,300,0,0,0,0,100
352,20,Kolkata,Student,Yes,Female,High School,CCU,Android,West Bengal,Eastern,22.562627,88.363044,200,0,0,0,0,0,369,112,100,0,900,500,800,100
353,21,Kolkata,Student,No,Female,Graduation,CCU,Android,West Bengal,Eastern,22.562627,88.363044,730,0,0,0,900,0,102,2,630,0,0,400,400,100
354,22,Kolkata,Student,No,Female,Graduation,CCU,Android,West Bengal,Eastern,22.562627,88.363044,120,0,0,0,0,0,892,130,20,840,556,784,360,100
355,23,Delhi,Student,No,Female,Graduation,DEL,Android,Delhi,Northern,28.651952,77.231495,400,0,0,0,880,0,703,2,300,0,0,420,360,100
356,25,Delhi,Working professional,No,Male,Post graduation,DEL,iOs,Delhi,Northern,28.651952,77.231495,160,720,0,0,0,0,0,130,60,420,0,600,300,100
357,18,Kolkata,Student,No,Male,High School,CCU,Android,West Bengal,Eastern,22.562627,88.363044,780,0,0,0,650,0,518,81,680,0,0,250,300,100
358,22,Pune,Student,No,Male,Post graduation,PNQ,Android,Maharashtra,Western,18.513271,73.849852,160,796,0,0,618,0,619,321,60,518,900,240,278,100
359,32,Kolkata,Working professional,No,Female,Post graduation,CCU,Android,West Bengal,Eastern,22.562627,88.363044,252,710,0,0,559,935,324,42,152,476,710,225,234,100
360,35,Pune,Working professional,Yes,Female,Post graduation,PNQ,iOs,Maharashtra,Western,18.513271,73.849852,350,500,0,950,500,600,724,142,250,300,400,200,200,100
361,29,Mumbai,Working professional,No,Female,Post graduation,BOM,iOs,Maharashtra,Western,18.987807,72.836447,300,600,0,840,450,390,547,148,200,400,240,150,200,100
362,35,Bengaluru,Working professional,No,Male,Post graduation,BLR,iOs,Karnataka,Southern,12.977063,77.587106,800,600,0,0,440,640,476,7,700,400,500,140,200,100
364,24,Delhi,Working professional,No,Female,Post graduation,DEL,Android,Delhi,Northern,28.651952,77.231495,276,412,0,0,488,953,330,31,176,234,743,210,178,100
365,22,Kolkata,Student,No,Male,Graduation,CCU,iOs,West Bengal,Eastern,22.562627,88.363044,200,175,645,285,360,270,150,17,100,45,140,130,130,100
366,35,Chandigarh,Working professional,No,Female,Post graduation,IXC,iOs,Chandigarh,Northern,30.736292,76.788398,400,720,0,0,520,644,226,75,300,600,344,300,120,100
367,22,Delhi,Student,No,Female,Graduation,DEL,iOs,Delhi,Northern,28.651952,77.231495,220,540,0,0,400,680,241,42,120,420,500,180,120,100
368,25,Delhi,Working professional,No,Female,Graduation,DEL,iOs,Delhi,Northern,28.651952,77.231495,250,300,800,450,350,250,90,195,150,180,120,130,120,100
369,23,Indore,Student,No,Male,Graduation,IDR,Android,Madhya Pradesh,Central,22.717736,75.85859,500,620,0,0,340,420,350,6,400,500,300,120,120,100
370,25,Mumbai,Working professional,No,Female,Post graduation,BOM,iOs,Maharashtra,Western,18.987807,72.836447,400,400,0,0,400,800,0,84,300,300,600,200,100,100
371,30,Ahmedabad,Sabbatical,No,Female,Post graduation,AMD,Android,Gujarat,Western,23.025793,72.587265,260,70,580,340,240,250,0,190,160,20,160,90,50,100
372,47,Delhi,Sabbatical,No,Female,Graduation,DEL,Android,Delhi,Northern,28.651952,77.231495,180,42,327,150,177,105,100,10,80,25,45,60,17,100
373,23,Delhi,Working professional,No,Female,Graduation,DEL,iOs,Delhi,Northern,28.651952,77.231495,192,688,0,0,840,0,465,345,93,461,0,514,227,99
374,29,Pune,Working professional,No,Female,Graduation,PNQ,iOs,Maharashtra,Western,18.513271,73.849852,255,543,0,0,659,0,251,67,156,415,816,432,128,99
375,19,Pune,Student,No,Male,High School,PNQ,iOs,Maharashtra,Western,18.513271,73.849852,287,0,0,0,888,0,528,89,189,0,0,389,401,98
376,25,Lucknow,Student,No,Male,Graduation,LKO,Android,Uttar Pradesh,Northern,26.839281,80.923133,257,0,0,0,757,0,623,59,159,813,0,361,298,98
377,25,Lucknow,Working professional,No,Female,Graduation,LKO,Android,Uttar Pradesh,Northern,26.839281,80.923133,450,891,0,0,527,731,791,136,352,624,569,162,267,98
378,24,DehraDun,Working professional,No,Male,Graduation,DED,iOs,Uttarakhand,Northern,30.324427,78.033922,251,383,0,833,510,709,837,228,153,159,521,188,224,98
379,19,Chandigarh,Student,No,Female,High School,IXC,iOs,Chandigarh,Northern,30.736292,76.788398,298,552,0,0,405,822,230,18,200,425,642,180,127,98
380,17,Delhi,Working professional,Yes,Male,Graduation,DEL,Android,Delhi,Northern,28.651952,77.231495,398,0,0,0,851,0,632,4,302,651,0,63,692,96
381,26,Kolkata,Working professional,No,Female,Graduation,CCU,Android,West Bengal,Eastern,22.562627,88.363044,452,528,0,982,311,313,374,666,356,380,246,67,148,96
382,30,Delhi,Working professional,No,Male,Graduation,DEL,iOs,Delhi,Northern,28.651952,77.231495,276,63,803,548,255,464,66,0,180,39,329,135,24,96
383,51,Delhi,Working professional,No,Female,Graduation,DEL,Android,Delhi,Northern,28.651952,77.231495,280,0,575,407,168,295,0,0,184,0,223,72,0,96
384,29,Delhi,Working professional,Yes,Female,Post graduation,DEL,Android,Delhi,Northern,28.651952,77.231495,471,0,0,0,869,0,818,199,376,0,939,160,614,95
386,37,Delhi,Sabbatical,No,Female,Graduation,DEL,Android,Delhi,Northern,28.651952,77.231495,661,176,0,993,201,357,80,5,567,147,279,78,29,94
387,25,Pune,Sabbatical,No,Male,Graduation,PNQ,iOs,Maharashtra,Western,18.513271,73.849852,392,0,0,0,439,242,315,49,300,960,195,47,300,92
388,24,Delhi,Student,No,Female,Graduation,DEL,Android,Delhi,Northern,28.651952,77.231495,401,902,0,0,781,0,596,71,309,654,0,441,248,92
389,54,DehraDun,Working professional,No,Female,Graduation,DED,Android,Uttarakhand,Northern,30.324427,78.033922,232,0,758,563,195,526,0,0,140,0,423,103,0,92
390,25,Delhi,Working professional,No,Female,Post graduation,DEL,Android,Delhi,Northern,28.651952,77.231495,159,620,0,0,0,0,0,76,68,7,0,461,613,91
391,25,Delhi,Student,No,Male,Graduation,DEL,iOs,Delhi,Northern,28.651952,77.231495,92,0,0,0,0,971,102,27,1,0,173,798,286,91
392,24,Delhi,Working professional,Yes,Male,Post graduation,DEL,iOs,Delhi,Northern,28.651952,77.231495,580,0,0,0,910,0,0,549,490,0,0,340,480,90
393,28,Delhi,Working professional,Yes,Female,Graduation,DEL,Android,Delhi,Northern,28.651952,77.231495,399,0,0,0,680,0,0,340,309,0,870,250,340,90
395,22,Pune,Student,No,Male,Graduation,PNQ,Android,Maharashtra,Western,18.513271,73.849852,430,0,0,0,870,0,878,47,340,0,0,480,300,90
397,23,Surat,Student,No,Female,Post graduation,STV,Android,Gujarat,Western,21.195944,72.830232,290,270,0,975,390,805,283,15,200,150,625,180,120,90
398,57,Chennai,Working professional,No,Male,Graduation,MAA,Android,Tamil Nadu,Southern,13.084622,80.248357,330,360,0,900,270,480,100,2,240,240,420,60,120,90
399,22,Mumbai,Student,No,Male,Post graduation,BOM,iOs,Maharashtra,Western,18.987807,72.836447,300,300,0,840,360,600,930,18,210,210,420,180,90,90
400,27,Bengaluru,Working professional,Yes,Female,Post graduation,BLR,iOs,Karnataka,Southern,12.977063,77.587106,270,241,931,661,270,420,350,57,180,181,300,120,60,90
401,20,Mumbai,Student,No,Female,Graduation,BOM,Android,Maharashtra,Western,18.987807,72.836447,230,0,0,0,441,0,0,0,140,0,938,351,0,90
402,40,Surat,Working professional,No,Male,Graduation,STV,Android,Gujarat,Western,21.195944,72.830232,390,0,0,900,410,920,0,0,300,0,600,320,0,90
403,15,Delhi,Working professional,No,Male,High School,DEL,Android,Delhi,Northern,28.651952,77.231495,100,0,0,0,387,0,0,0,10,0,0,297,0,90
404,23,Bhubaneshwar,Working professional,No,Male,Graduation,BBI,Android,Odisha,Eastern,20.272411,85.833853,90,180,0,840,180,750,300,1,0,180,660,90,0,90
405,45,Jaipur,Working professional,No,Male,Graduation,JAI,Android,Rajasthan,Northern,26.913312,75.787872,170,0,340,200,140,170,0,0,80,0,120,50,0,90
406,19,Delhi,Student,Yes,Female,High School,DEL,iOs,Delhi,Northern,28.651952,77.231495,328,698,0,0,439,569,0,175,239,512,405,164,186,89
407,24,Kolkata,Student,No,Female,Post graduation,CCU,iOs,West Bengal,Eastern,22.562627,88.363044,167,229,0,990,582,0,289,35,78,123,789,387,106,89
408,56,Delhi,Sabbatical,No,Male,High School,DEL,Others,Delhi,Northern,28.651952,77.231495,589,670,0,0,219,629,56,78,500,600,569,60,70,89
409,20,Ahmedabad,Student,No,Male,Graduation,AMD,Android,Gujarat,Western,23.025793,72.587265,200,37,545,336,209,308,60,5,111,15,210,98,22,89
410,22,Mumbai,Working professional,Yes,Female,Graduation,BOM,iOs,Maharashtra,Western,18.987807,72.836447,398,0,0,0,765,712,0,245,310,891,435,277,400,88
411,22,Mumbai,Student,Yes,Male,Graduation,BOM,Android,Maharashtra,Western,18.987807,72.836447,283,878,0,0,461,0,511,106,195,716,914,211,162,88
412,25,Delhi,Working professional,Yes,Male,Graduation,DEL,Android,Delhi,Northern,28.651952,77.231495,207,0,0,0,887,853,0,0,120,0,623,230,570,87
413,41,Delhi,Working professional,No,Female,Post graduation,DEL,iOs,Delhi,Northern,28.651952,77.231495,157,0,0,0,670,958,0,161,70,881,708,250,333,87
414,29,Kolkata,Sabbatical,No,Female,Graduation,CCU,Android,West Bengal,Eastern,22.562627,88.363044,543,0,0,0,444,693,368,45,456,768,578,115,242,87
415,22,Indore,Student,Yes,Male,Graduation,IDR,Android,Madhya Pradesh,Central,22.717736,75.85859,203,708,0,0,439,0,0,342,116,552,846,196,156,87
416,22,Mumbai,Working professional,No,Male,Graduation,BOM,Android,Maharashtra,Western,18.987807,72.836447,352,297,854,640,214,205,822,19,265,235,140,65,62,87
417,26,Mumbai,Working professional,No,Male,Post graduation,BOM,Android,Maharashtra,Western,18.987807,72.836447,384,645,0,0,560,0,928,167,298,453,0,282,192,86
418,23,Mumbai,Sabbatical,No,Male,Graduation,BOM,Android,Maharashtra,Western,18.987807,72.836447,276,468,945,647,298,201,526,109,190,332,125,76,136,86
419,22,Lucknow,Student,Yes,Male,Graduation,LKO,Android,Uttar Pradesh,Northern,26.839281,80.923133,578,775,0,0,267,612,230,51,492,661,545,67,114,86
420,20,Jaipur,Student,No,Female,Graduation,JAI,Android,Rajasthan,Northern,26.913312,75.787872,230,0,0,0,0,0,436,156,145,0,0,544,980,85
421,24,Ahmedabad,Working professional,No,Male,Graduation,AMD,Android,Gujarat,Western,23.025793,72.587265,604,0,0,0,996,0,758,88,519,0,0,651,260,85
422,26,Mumbai,Sabbatical,No,Female,Graduation,BOM,Android,Maharashtra,Western,18.987807,72.836447,152,910,0,0,0,0,272,9,68,568,0,589,342,84
424,27,Delhi,Working professional,No,Female,Post graduation,DEL,Android,Delhi,Northern,28.651952,77.231495,83,257,780,373,407,440,330,250,0,23,350,90,234,83
425,22,Delhi,Student,Yes,Male,Graduation,DEL,Android,Delhi,Northern,28.651952,77.231495,509,0,0,0,921,0,752,42,426,0,0,659,179,83
426,25,Mumbai,Student,Yes,Male,Post graduation,BOM,Android,Maharashtra,Western,18.987807,72.836447,102,299,0,0,358,0,316,0,19,120,998,96,179,83
427,24,Delhi,Student,No,Female,Post graduation,DEL,Android,Delhi,Northern,28.651952,77.231495,83,185,0,0,330,0,916,81,0,24,0,86,161,83
428,25,Kolkata,Student,No,Male,Graduation,CCU,Android,West Bengal,Eastern,22.562627,88.363044,514,475,0,0,760,0,301,16,431,367,0,569,108,83
429,26,Mumbai,Working professional,Yes,Male,Post graduation,BOM,Android,Maharashtra,Western,18.987807,72.836447,402,0,0,0,910,0,0,92,320,0,0,243,585,82
430,24,Bengaluru,Working professional,No,Female,Graduation,BLR,Android,Karnataka,Southern,12.977063,77.587106,722,0,0,0,801,0,975,198,640,858,0,325,394,82
431,20,Bengaluru,Working professional,No,Male,Graduation,BLR,iOs,Karnataka,Southern,12.977063,77.587106,220,0,0,0,440,879,574,94,138,0,795,84,274,82
432,19,Kolkata,Student,No,Female,High School,CCU,Android,West Bengal,Eastern,22.562627,88.363044,549,759,0,0,528,0,800,42,467,603,0,290,156,82
434,26,Mumbai,Working professional,Yes,Male,Graduation,BOM,iOs,Maharashtra,Western,18.987807,72.836447,257,0,0,0,896,0,0,358,176,732,0,503,312,81
435,26,Pune,Working professional,No,Male,Post graduation,PNQ,Android,Maharashtra,Western,18.513271,73.849852,80,970,0,850,0,0,212,9,0,250,600,0,720,80
436,21,Delhi,Student,No,Male,High School,DEL,iOs,Delhi,Northern,28.651952,77.231495,320,0,0,0,0,0,219,25,240,0,0,550,550,80
437,23,Delhi,Student,No,Female,Graduation,DEL,Android,Delhi,Northern,28.651952,77.231495,170,900,0,0,0,0,700,256,90,500,0,0,400,80
438,23,Chandigarh,Working professional,Yes,Male,Graduation,IXC,Android,Chandigarh,Northern,30.736292,76.788398,420,0,0,0,770,0,784,145,340,0,670,450,240,80
439,23,Pune,Student,No,Male,Graduation,PNQ,iOs,Maharashtra,Western,18.513271,73.849852,230,900,0,0,480,0,600,30,150,750,0,250,150,80
440,24,Kolkata,Student,No,Male,Graduation,CCU,Android,West Bengal,Eastern,22.562627,88.363044,265,800,0,0,360,0,550,25,185,660,0,140,140,80
441,25,Mumbai,Working professional,No,Male,Graduation,BOM,Android,Maharashtra,Western,18.987807,72.836447,270,470,0,0,371,886,0,300,190,345,720,166,125,80
442,25,Baroda,Working professional,Yes,Male,Graduation,BDQ,Android,Gujarat,Western,22.3072,73.1812,412,634,0,989,252,195,357,35,332,522,135,60,112,80
443,24,Kolkata,Student,No,Female,Graduation,CCU,Android,West Bengal,Eastern,22.562627,88.363044,500,700,0,0,300,540,328,43,420,600,420,120,100,80
446,25,Pune,Working professional,No,Male,Post graduation,PNQ,iOs,Maharashtra,Western,18.513271,73.849852,180,250,0,0,330,0,480,90,100,200,900,200,50,80
447,28,Kolkata,Working professional,Yes,Female,Post graduation,CCU,iOs,West Bengal,Eastern,22.562627,88.363044,95,70,265,105,160,100,420,370,15,50,40,60,20,80
448,45,Udaipur,Sabbatical,No,Female,High School,UDR,Android,Rajasthan,Northern,24.57951,73.690508,740,13,0,938,160,345,34,5,660,13,265,80,0,80
449,24,Delhi,Working professional,No,Male,Graduation,DEL,Android,Delhi,Northern,28.651952,77.231495,324,494,0,872,691,745,390,245,245,227,400,345,267,79
450,23,Bagdogra,Working professional,No,Female,Graduation,IXB,iOs,West Bengal,Eastern,26.6986,88.3117,333,588,0,836,253,168,264,47,254,459,123,45,129,79
451,40,Hyderabad,Student,No,Male,High School,HYD,Android,Telangana,Southern,17.384052,78.456355,644,0,0,0,469,0,0,0,565,0,0,390,0,79
452,23,Kolkata,Sabbatical,No,Female,Graduation,CCU,Android,West Bengal,Eastern,22.562627,88.363044,176,832,0,918,746,656,343,66,98,453,367,289,379,78
453,22,Bengaluru,Sabbatical,No,Male,Graduation,BLR,iOs,Karnataka,Southern,12.977063,77.587106,418,0,0,0,582,630,340,56,340,895,480,150,354,78
454,25,Mumbai,Working professional,No,Male,Graduation,BOM,iOs,Maharashtra,Western,18.987807,72.836447,400,594,0,0,598,848,587,112,322,386,536,312,208,78
455,18,Delhi,Student,No,Male,Graduation,DEL,Android,Delhi,Northern,28.651952,77.231495,112,326,573,220,353,135,476,85,34,129,57,78,197,78
456,32,Delhi,Working professional,No,Female,Graduation,DEL,Android,Delhi,Northern,28.651952,77.231495,145,299,646,296,350,202,865,82,67,132,97,105,167,78
457,23,Kolkata,Sabbatical,No,Male,Graduation,CCU,Android,West Bengal,Eastern,22.562627,88.363044,356,651,0,0,620,0,765,174,278,487,0,378,164,78
458,18,Mumbai,Student,No,Female,Graduation,BOM,Android,Maharashtra,Western,18.987807,72.836447,325,496,0,0,355,562,545,89,247,376,405,157,120,78
459,28,Indore,Working professional,No,Male,Post graduation,IDR,Android,Madhya Pradesh,Central,22.717736,75.85859,178,247,0,912,283,770,778,163,100,192,620,150,55,78
460,37,Delhi,Working professional,No,Male,Post graduation,DEL,Android,Delhi,Northern,28.651952,77.231495,131,39,308,168,140,138,123,12,53,23,92,46,16,78
461,19,Kolkata,Student,No,Male,Graduation,CCU,Android,West Bengal,Eastern,22.562627,88.363044,181,405,918,614,304,332,338,46,104,276,234,98,129,77
462,36,Bengaluru,Working professional,No,Male,Graduation,BLR,iOs,Karnataka,Southern,12.977063,77.587106,121,239,0,823,469,932,527,54,45,124,654,278,115,76
463,26,Delhi,Working professional,No,Female,Graduation,DEL,iOs,Delhi,Northern,28.651952,77.231495,325,700,0,0,425,520,0,45,250,500,370,150,200,75
464,24,Mumbai,Working professional,No,Male,Graduation,BOM,Android,Maharashtra,Western,18.987807,72.836447,287,665,0,0,499,576,339,90,212,531,286,290,134,75
465,25,Baroda,Student,No,Male,Post graduation,BDQ,iOs,Gujarat,Western,22.3072,73.1812,273,337,0,0,399,0,0,21,198,245,0,232,92,75
466,29,Chandigarh,Working professional,No,Male,Post graduation,IXC,Android,Chandigarh,Northern,30.736292,76.788398,315,150,0,820,305,660,558,12,240,130,450,210,20,75
467,50,Delhi,Working professional,No,Male,Graduation,DEL,Android,Delhi,Northern,28.651952,77.231495,120,3,257,128,129,134,54,3,45,3,80,54,0,75
468,22,Kolkata,Student,No,Male,Post graduation,CCU,Android,West Bengal,Eastern,22.562627,88.363044,257,0,0,0,574,0,297,33,183,879,0,297,203,74
469,24,Surat,Student,No,Male,Graduation,STV,Android,Gujarat,Western,21.195944,72.830232,309,312,0,0,315,719,386,20,236,264,525,194,48,73
470,57,Ahmedabad,Working professional,No,Male,Post graduation,AMD,Android,Gujarat,Western,23.025793,72.587265,112,0,517,317,200,405,0,0,39,0,278,127,0,73
471,28,Bengaluru,Working professional,No,Female,Graduation,BLR,iOs,Karnataka,Southern,12.977063,77.587106,252,0,0,0,384,72,297,0,180,900,60,12,300,72
472,21,Delhi,Student,No,Male,Graduation,DEL,Android,Delhi,Northern,28.651952,77.231495,272,953,0,0,455,534,0,206,200,800,304,230,153,72
473,21,Ahmedabad,Working professional,No,Male,Graduation,AMD,Android,Gujarat,Western,23.025793,72.587265,522,0,0,0,571,0,345,33,450,0,0,364,135,72
474,32,Mumbai,Working professional,No,Female,Post graduation,BOM,Android,Maharashtra,Western,18.987807,72.836447,104,288,878,687,191,486,425,20,33,233,421,65,55,71
475,51,Delhi,Sabbatical,No,Female,Graduation,DEL,iOs,Delhi,Northern,28.651952,77.231495,323,0,988,760,228,665,10,0,252,0,508,157,0,71
476,22,Chandigarh,Working professional,No,Female,Graduation,IXC,iOs,Chandigarh,Northern,30.736292,76.788398,206,0,0,0,900,757,756,51,136,962,545,212,618,70
477,27,Delhi,Working professional,No,Male,Post graduation,DEL,Android,Delhi,Northern,28.651952,77.231495,274,0,0,0,0,0,432,70,204,670,0,435,530,70
478,25,Delhi,Student,Yes,Male,Post graduation,DEL,Android,Delhi,Northern,28.651952,77.231495,170,750,0,0,860,0,450,150,100,500,0,540,250,70
479,30,Pune,Working professional,No,Male,Post graduation,PNQ,iOs,Maharashtra,Western,18.513271,73.849852,220,990,0,0,770,0,780,60,150,790,0,500,200,70
480,28,Pune,Working professional,No,Female,Graduation,PNQ,Others,Maharashtra,Western,18.513271,73.849852,220,780,0,0,490,0,700,55,150,600,0,240,180,70
481,27,Mumbai,Working professional,No,Male,Post graduation,BOM,Android,Maharashtra,Western,18.987807,72.836447,170,480,970,650,320,320,198,9,100,300,250,70,180,70
482,24,Delhi,Working professional,Yes,Male,Graduation,DEL,iOs,Delhi,Northern,28.651952,77.231495,218,594,0,0,497,0,413,49,148,434,768,267,160,70
483,18,Chandigarh,Student,No,Female,High School,IXC,iOs,Chandigarh,Northern,30.736292,76.788398,220,480,0,0,385,725,890,78,150,340,550,175,140,70
484,33,Hyderabad,Working professional,No,Male,Post graduation,HYD,Android,Telangana,Southern,17.384052,78.456355,155,200,705,375,330,350,489,105,85,60,230,120,140,70
485,25,Chandigarh,Working professional,No,Male,Graduation,IXC,iOs,Chandigarh,Northern,30.736292,76.788398,334,604,0,0,322,578,484,183,264,484,446,132,120,70
486,22,Baroda,Student,No,Male,Post graduation,BDQ,Android,Gujarat,Western,22.3072,73.1812,238,358,0,0,368,857,188,150,168,260,657,200,98,70
487,25,Pune,Student,No,Female,Graduation,PNQ,Android,Maharashtra,Western,18.513271,73.849852,190,360,840,620,220,290,0,266,120,300,200,90,60,70
488,34,Pune,Working professional,No,Male,Post graduation,PNQ,Android,Maharashtra,Western,18.513271,73.849852,170,59,439,269,170,210,166,35,100,39,130,80,20,70
489,21,Bhubaneshwar,Student,No,Male,Graduation,BBI,Android,Odisha,Eastern,20.272411,85.833853,85,60,565,415,150,420,400,20,15,50,350,70,10,70
490,53,DehraDun,Working professional,No,Male,Post graduation,DED,iOs,Uttarakhand,Northern,30.324427,78.033922,340,0,0,0,530,0,0,0,270,0,900,460,0,70
491,59,Ahmedabad,Working professional,No,Male,Graduation,AMD,Android,Gujarat,Western,23.025793,72.587265,470,0,670,550,120,200,0,0,400,0,150,50,0,70
492,22,Mumbai,Student,Yes,Male,Graduation,BOM,Android,Maharashtra,Western,18.987807,72.836447,251,0,0,0,687,993,0,76,182,0,798,195,423,69
493,27,Delhi,Student,No,Male,Graduation,DEL,iOs,Delhi,Northern,28.651952,77.231495,223,0,0,0,792,249,193,123,155,966,194,55,669,68
494,22,Delhi,Sabbatical,Yes,Female,Graduation,DEL,iOs,Delhi,Northern,28.651952,77.231495,118,0,0,0,782,0,0,0,50,0,780,354,360,68
495,26,Lucknow,Working professional,Yes,Female,Graduation,LKO,Android,Uttar Pradesh,Northern,26.839281,80.923133,212,686,0,0,496,869,0,587,144,488,639,230,198,68
496,26,Delhi,Student,No,Male,Post graduation,DEL,Android,Delhi,Northern,28.651952,77.231495,180,817,0,0,909,0,523,115,112,623,0,647,194,68
497,28,Kolkata,Working professional,No,Male,Graduation,CCU,Android,West Bengal,Eastern,22.562627,88.363044,160,347,0,915,395,803,226,2,92,213,610,193,134,68
498,22,Baroda,Working professional,No,Male,Graduation,BDQ,Android,Gujarat,Western,22.3072,73.1812,233,265,0,0,285,835,123,80,165,206,677,158,59,68
499,24,Udaipur,Student,Yes,Male,Post graduation,UDR,Android,Rajasthan,Northern,24.57951,73.690508,102,60,0,0,311,0,916,500,34,14,0,197,46,68
500,27,Lucknow,Working professional,No,Male,Graduation,LKO,iOs,Uttar Pradesh,Northern,26.839281,80.923133,208,277,0,0,591,0,179,3,141,234,0,481,43,67
501,27,Lucknow,Working professional,No,Male,Graduation,LKO,iOs,Uttar Pradesh,Northern,26.839281,80.923133,208,277,0,0,591,0,179,3,141,234,0,481,43,67
502,27,Mumbai,Working professional,No,Male,Graduation,BOM,iOs,Maharashtra,Western,18.987807,72.836447,248,480,0,0,381,0,807,107,182,371,870,206,109,66
503,24,Chennai,Working professional,No,Male,Graduation,MAA,Android,Tamil Nadu,Southern,13.084622,80.248357,193,384,0,0,458,0,368,257,127,296,745,304,88,66
504,23,Delhi,Working professional,No,Female,Post graduation,DEL,iOs,Delhi,Northern,28.651952,77.231495,106,301,0,796,943,0,338,404,40,256,500,832,45,66
505,21,Mumbai,Working professional,Yes,Female,Graduation,BOM,Android,Maharashtra,Western,18.987807,72.836447,337,35,0,0,251,899,454,20,271,0,749,150,35,66
507,28,Kolkata,Working professional,No,Male,Graduation,CCU,iOs,West Bengal,Eastern,22.562627,88.363044,135,124,709,360,349,450,653,106,70,90,200,250,34,65
508,36,Delhi,Sabbatical,No,Female,Graduation,DEL,Android,Delhi,Northern,28.651952,77.231495,230,0,573,419,154,343,0,0,165,0,254,89,0,65
509,28,Delhi,Working professional,No,Female,Post graduation,DEL,Android,Delhi,Northern,28.651952,77.231495,280,610,0,0,614,977,247,40,216,405,632,345,205,64
510,21,Mumbai,Student,No,Male,Graduation,BOM,Android,Maharashtra,Western,18.987807,72.836447,606,775,0,0,330,0,65,191,542,654,991,145,121,64
511,28,Delhi,Working professional,No,Female,Post graduation,DEL,Android,Delhi,Northern,28.651952,77.231495,139,111,0,807,366,923,68,0,75,65,667,256,46,64
512,28,Mumbai,Working professional,No,Female,Graduation,BOM,Android,Maharashtra,Western,18.987807,72.836447,142,938,0,0,532,0,0,108,79,643,985,174,295,63
513,40,Delhi,Working professional,No,Male,Graduation,DEL,iOs,Delhi,Northern,28.651952,77.231495,162,0,0,0,772,859,550,145,100,700,500,359,351,62
514,25,Delhi,Working professional,No,Female,Graduation,DEL,Android,Delhi,Northern,28.651952,77.231495,124,614,0,0,538,0,277,102,62,406,804,268,208,62
515,22,Bagdogra,Student,No,Male,Graduation,IXB,Android,West Bengal,Eastern,26.6986,88.3117,291,90,0,0,330,0,303,10,229,73,915,251,17,62
516,46,Delhi,Working professional,No,Female,Graduation,DEL,iOs,Delhi,Northern,28.651952,77.231495,282,40,691,543,148,369,56,12,220,28,295,74,12,62
517,30,Delhi,Working professional,No,Male,Post graduation,DEL,Android,Delhi,Northern,28.651952,77.231495,466,146,0,734,806,928,177,75,405,93,236,692,53,61
518,24,Chandigarh,Student,Yes,Female,Graduation,IXC,Android,Chandigarh,Northern,30.736292,76.788398,180,0,0,0,0,0,600,10,120,0,0,0,0,60
519,24,DehraDun,Working professional,No,Male,Graduation,DED,Android,Uttarakhand,Northern,30.324427,78.033922,180,0,0,0,0,0,724,11,120,0,0,720,0,60
520,24,Bengaluru,Working professional,No,Female,Post graduation,BLR,Android,Karnataka,Southern,12.977063,77.587106,160,0,0,0,0,0,367,194,100,982,725,600,0,60
521,24,Bengaluru,Working professional,No,Female,Post graduation,BLR,Android,Karnataka,Southern,12.977063,77.587106,160,0,0,0,0,0,367,194,100,982,725,600,0,60
522,23,Mumbai,Sabbatical,Yes,Female,Graduation,BOM,iOs,Maharashtra,Western,18.987807,72.836447,120,0,0,0,0,0,0,150,60,750,0,500,950,60
523,24,Pune,Working professional,Yes,Female,Graduation,PNQ,iOs,Maharashtra,Western,18.513271,73.849852,180,0,0,0,0,0,0,560,120,0,0,340,890,60
524,18,Kolkata,Student,No,Female,High School,CCU,Android,West Bengal,Eastern,22.562627,88.363044,150,0,0,0,0,0,302,6,90,630,0,600,550,60
525,20,Udaipur,Student,No,Female,Graduation,UDR,Android,Rajasthan,Northern,24.57951,73.690508,165,0,0,0,0,0,600,80,105,0,0,0,500,60
526,28,Chandigarh,Working professional,No,Female,Graduation,IXC,iOs,Chandigarh,Northern,30.736292,76.788398,135,0,0,0,0,0,245,23,75,0,0,0,500,60
528,22,Jaipur,Student,No,Male,Graduation,JAI,Android,Rajasthan,Northern,26.913312,75.787872,160,0,0,0,0,0,594,41,100,700,0,600,400,60
529,22,Ranchi,Student,Yes,Female,Post graduation,IXR,iOs,Jharkhand,Eastern,23.347768,85.338564,180,0,0,0,660,0,0,91,120,700,0,200,400,60
531,21,Jaipur,Student,No,Male,Graduation,JAI,Android,Rajasthan,Northern,26.913312,75.787872,160,0,0,0,720,0,461,88,100,960,0,360,300,60
532,29,Mumbai,Working professional,No,Female,Post graduation,BOM,iOs,Maharashtra,Western,18.987807,72.836447,300,0,0,0,660,0,110,1,240,0,0,300,300,60
533,52,Delhi,Working professional,No,Female,Graduation,DEL,iOs,Delhi,Northern,28.651952,77.231495,160,800,0,0,660,700,85,4,100,500,400,300,300,60
534,27,Delhi,Working professional,No,Male,Post graduation,DEL,Android,Delhi,Northern,28.651952,77.231495,300,0,0,0,540,0,978,186,240,0,0,180,300,60
535,25,Delhi,Working professional,No,Male,Graduation,DEL,Android,Delhi,Northern,28.651952,77.231495,240,640,0,780,580,480,365,12,180,360,240,240,280,60
536,35,Delhi,Working professional,No,Male,Post graduation,DEL,Android,Delhi,Northern,28.651952,77.231495,160,650,0,0,610,800,300,50,100,400,500,300,250,60
537,18,Delhi,Sabbatical,No,Male,High School,DEL,Android,Delhi,Northern,28.651952,77.231495,90,0,0,0,410,500,101,6,30,900,400,100,250,60
538,22,Mumbai,Student,Yes,Female,Post graduation,BOM,Android,Maharashtra,Western,18.987807,72.836447,379,0,0,0,0,0,912,139,319,0,0,725,249,60
540,26,Delhi,Student,No,Male,Post graduation,DEL,iOs,Delhi,Northern,28.651952,77.231495,180,720,0,0,720,0,98,5,120,480,840,420,240,60
541,24,Kolkata,Working professional,No,Male,Post graduation,Ccu,Android,West Bengal,Eastern,22.562627,88.363044,0,0,0,0,480,184,500,200,0,0,4,180,240,60
542,20,Ahmedabad,Student,No,Female,Graduation,AMD,Android,Gujarat,Western,23.025793,72.587265,270,660,0,0,420,960,180,0,210,420,840,120,240,60
543,24,Lucknow,Student,No,Male,Post graduation,LKO,Android,Uttar Pradesh,Northern,26.839281,80.923133,120,0,0,0,420,720,700,20,60,800,600,120,240,60
544,24,Delhi,Student,No,Male,Post graduation,DEL,Android,Delhi,Northern,28.651952,77.231495,120,0,0,0,420,720,700,20,60,800,600,120,240,60
545,26,Bengaluru,Sabbatical,No,Male,Post graduation,BLR,Android,Karnataka,Southern,12.977063,77.587106,360,830,0,0,575,0,120,35,300,615,720,300,215,60
546,21,Kolkata,Student,No,Female,Post graduation,Ccu,Android,West Bengal,Eastern,22.562627,88.363044,0,0,0,0,480,0,600,120,0,0,0,240,180,60
547,23,Delhi,Working professional,No,Female,Graduation,DEL,iOs,Delhi,Northern,28.651952,77.231495,120,420,0,0,480,990,686,149,60,240,750,240,180,60
548,22,Indore,Student,No,Female,Graduation,IDR,Android,Madhya Pradesh,Central,22.717736,75.85859,300,505,0,0,406,0,5,0,240,325,876,166,180,60
549,24,Ahmedabad,Sabbatical,No,Male,Graduation,AMD,Android,Gujarat,Western,23.025793,72.587265,270,597,0,0,334,580,386,18,210,423,480,100,174,60
550,25,Kolkata,Student,Yes,Female,Graduation,CCU,iOs,West Bengal,Eastern,22.562627,88.363044,510,580,0,0,340,0,460,33,450,420,0,120,160,60
551,22,Jaipur,Working professional,No,Male,Graduation,JAI,Android,Rajasthan,Northern,26.913312,75.787872,240,510,0,0,810,0,177,6,180,360,0,600,150,60
552,22,Mumbai,Student,No,Female,Graduation,BOM,iOs,Maharashtra,Western,18.987807,72.836447,90,320,0,680,680,950,365,254,30,200,450,500,120,60
553,30,Mumbai,Working professional,No,Male,Post graduation,BOM,Android,Maharashtra,Western,18.987807,72.836447,270,540,0,0,420,0,0,113,210,420,840,240,120,60
554,22,Hyderabad,Sabbatical,No,Female,Graduation,HYD,Android,Telangana,Southern,17.384052,78.456355,130,320,710,440,270,260,198,36,70,200,170,90,120,60
555,25,Pune,Working professional,No,Male,Graduation,PNQ,Android,Maharashtra,Western,18.513271,73.849852,180,420,780,540,240,180,650,151,120,300,120,60,120,60
556,22,Delhi,Student,Yes,Male,Graduation,DEL,Android,Delhi,Northern,28.651952,77.231495,120,0,0,0,240,0,500,120,60,0,0,60,120,60
557,24,Vishakhapatnam,Working professional,No,Male,Graduation,VTZ,iOs,Andhra Pradesh,Southern,17.704052,83.297663,120,400,760,520,240,240,213,55,60,280,180,60,120,60
558,24,Chennai,Student,Yes,Female,Post graduation,MAA,Android,Tamil Nadu,Southern,13.084622,80.248357,120,600,0,0,0,0,0,150,60,500,0,900,100,60
559,24,Mumbai,Working professional,Yes,Male,Post graduation,BOM,iOs,Maharashtra,Western,18.987807,72.836447,460,700,0,0,560,0,900,70,400,600,0,400,100,60
560,47,Delhi,Working professional,No,Female,Post graduation,DEL,Android,Delhi,Northern,28.651952,77.231495,420,300,0,0,520,0,13,1,360,200,750,360,100,60
561,24,Ranchi,Working professional,Yes,Female,Graduation,IXR,iOs,Jharkhand,Eastern,23.347768,85.338564,189,414,0,899,283,579,540,98,129,320,450,129,94,60
562,30,Mumbai,Working professional,Yes,Male,Post graduation,BOM,iOs,Maharashtra,Western,18.987807,72.836447,140,780,0,0,840,0,0,258,80,700,0,700,80,60
563,22,Ranchi,Student,No,Female,Graduation,IXR,iOs,Jharkhand,Eastern,23.347768,85.338564,410,0,0,0,340,0,0,140,350,950,0,200,80,60
564,22,Mumbai,Student,No,Male,Graduation,BOM,Android,Maharashtra,Western,18.987807,72.836447,270,900,0,0,415,715,550,15,210,840,420,295,60,60
565,38,Delhi,Sabbatical,No,Female,Post graduation,DEL,Android,Delhi,Northern,28.651952,77.231495,480,480,0,0,600,0,115,27,420,420,0,480,60,60
566,25,Chandigarh,Working professional,Yes,Female,Post graduation,IXC,iOs,Chandigarh,Northern,30.736292,76.788398,180,420,0,960,360,720,0,650,120,360,480,240,60,60
567,30,Pune,Working professional,Yes,Male,Post graduation,PNQ,Android,Maharashtra,Western,18.513271,73.849852,120,120,0,0,360,0,250,24,60,60,0,240,60,60
568,26,Pune,Student,Yes,Male,Post graduation,PNQ,Android,Maharashtra,Western,18.513271,73.849852,120,120,620,320,300,380,0,118,60,60,200,180,60,60
569,23,Kolkata,Student,Yes,Female,Graduation,CCU,Android,West Bengal,Eastern,22.562627,88.363044,480,480,0,0,240,960,450,32,420,420,840,120,60,60
570,13,Kolkata,Student,No,Female,High School,CCU,iOs,West Bengal,Eastern,22.562627,88.363044,270,270,0,0,240,0,0,345,210,210,0,120,60,60
571,24,Patna,Student,No,Female,Graduation,PAT,Android,Bihar,Eastern,25.615379,85.101027,60,310,790,550,240,420,247,355,0,250,300,120,60,60
572,36,Kolkata,Working professional,No,Female,Post graduation,CCU,Android,West Bengal,Eastern,22.562627,88.363044,510,390,0,0,180,0,45,1,450,330,0,60,60,60
573,58,Ahmedabad,Sabbatical,No,Female,Graduation,AMD,Android,Gujarat,Western,23.025793,72.587265,180,297,762,608,154,285,218,16,120,248,240,45,49,60
574,26,Kolkata,Student,Yes,Male,Post graduation,CCU,Android,West Bengal,Eastern,22.562627,88.363044,0,130,0,0,0,0,0,12,0,100,0,999,30,60
575,48,Delhi,Sabbatical,No,Female,Post graduation,DEL,Android,Delhi,Northern,28.651952,77.231495,120,20,980,665,315,840,51,5,60,5,600,240,15,60
576,26,Kolkata,Working professional,No,Female,Post graduation,CCU,iOs,West Bengal,Eastern,22.562627,88.363044,90,75,0,0,195,0,42,52,30,60,0,120,15,60
577,38,Mumbai,Working professional,Yes,Male,Graduation,BOM,iOs,Maharashtra,Western,18.987807,72.836447,165,45,590,415,175,380,302,128,105,30,280,100,15,60
578,27,Delhi,Working professional,No,Female,Post graduation,DEL,iOs,Delhi,Northern,28.651952,77.231495,160,0,0,0,960,0,0,0,100,0,0,900,0,60
580,45,Indore,Working professional,No,Male,Graduation,IDR,Android,Madhya Pradesh,Central,22.717736,75.85859,160,0,810,600,210,650,0,0,100,0,500,150,0,60
581,22,Delhi,Student,No,Female,Graduation,DEL,Android,Delhi,Northern,28.651952,77.231495,660,0,0,0,120,660,0,0,600,0,600,60,0,60
582,25,Kolkata,Working professional,No,Female,Post graduation,CCU,iOs,West Bengal,Eastern,22.562627,88.363044,480,60,810,690,120,270,240,20,420,60,210,60,0,60
583,23,Mumbai,Working professional,No,Male,Graduation,BOM,Android,Maharashtra,Western,18.987807,72.836447,210,0,360,250,110,150,0,0,150,0,100,50,0,60
584,55,Delhi,Working professional,No,Female,Graduation,DEL,Android,Delhi,Northern,28.651952,77.231495,400,0,560,470,90,160,0,0,340,0,130,30,0,60
585,25,Mumbai,Working professional,No,Male,Graduation,BOM,iOs,Maharashtra,Western,18.987807,72.836447,830,0,0,0,629,555,0,0,771,0,443,112,458,59
586,23,Bengaluru,Working professional,Yes,Female,Post graduation,BLR,iOs,Karnataka,Southern,12.977063,77.587106,227,992,0,0,944,0,0,172,169,680,0,574,312,58
587,25,Ahmedabad,Working professional,No,Female,Graduation,AMD,iOs,Gujarat,Western,23.025793,72.587265,153,497,0,915,337,602,333,24,95,312,508,94,185,58
588,24,Delhi,Student,No,Female,Graduation,DEL,iOs,Delhi,Northern,28.651952,77.231495,158,274,0,676,512,756,171,1,100,180,396,360,94,58
589,20,Baroda,Student,No,Male,High School,BDQ,Android,Gujarat,Western,22.3072,73.1812,205,246,806,591,215,355,287,11,147,187,257,98,59,58
590,21,Delhi,Student,No,Female,Post graduation,DEL,Android,Delhi,Northern,28.651952,77.231495,88,175,413,280,133,150,500,600,30,130,120,30,45,58
591,23,Mumbai,Working professional,No,Male,Graduation,BOM,Android,Maharashtra,Western,18.987807,72.836447,84,844,0,0,655,928,243,136,27,487,687,241,357,57
592,27,Delhi,Working professional,No,Male,Post graduation,DEL,Android,Delhi,Northern,28.651952,77.231495,167,305,917,640,277,445,253,45,110,210,320,125,95,57
593,60,Kolkata,Sabbatical,No,Female,Graduation,Ccu,iOs,West Bengal,Eastern,22.562627,88.363044,710,0,0,0,261,960,0,0,653,0,756,204,0,57
594,36,Delhi,Working professional,No,Female,Graduation,DEL,iOs,Delhi,Northern,28.651952,77.231495,146,0,0,0,0,0,440,127,90,990,780,560,760,56
595,21,Mumbai,Working professional,Yes,Female,Graduation,BOM,iOs,Maharashtra,Western,18.987807,72.836447,176,0,0,0,656,0,0,63,120,700,0,300,300,56
596,22,Kolkata,Student,No,Male,Graduation,CCU,Android,West Bengal,Eastern,22.562627,88.363044,145,372,786,415,371,269,359,56,89,159,167,102,213,56
597,30,Delhi,Working professional,No,Female,Post graduation,DEL,Android,Delhi,Northern,28.651952,77.231495,83,310,526,239,287,133,548,67,27,123,89,44,187,56
598,28,Kolkata,Working professional,No,Male,Graduation,CCU,iOs,West Bengal,Eastern,22.562627,88.363044,281,546,0,0,370,932,228,36,225,435,729,203,111,56
599,47,Kolkata,Working professional,No,Female,Post graduation,CCU,Android,West Bengal,Eastern,22.562627,88.363044,192,396,0,811,270,493,198,31,136,301,374,119,95,56
600,32,Delhi,Working professional,No,Male,Post graduation,DEL,Android,Delhi,Northern,28.651952,77.231495,231,233,0,0,310,908,343,28,175,155,732,176,78,56
601,25,Delhi,Working professional,No,Female,Graduation,DEL,iOs,Delhi,Northern,28.651952,77.231495,74,154,652,456,196,424,0,426,18,112,326,98,42,56
602,38,Bengaluru,Working professional,No,Female,Post graduation,BLR,Android,Karnataka,Southern,12.977063,77.587106,271,159,0,941,187,698,154,27,215,142,584,114,17,56
603,26,Kolkata,Student,No,Male,Graduation,CCU,Android,West Bengal,Eastern,22.562627,88.363044,934,221,0,0,77,477,89,17,878,221,456,21,0,56
604,20,Kolkata,Student,Yes,Female,High School,CCU,Android,West Bengal,Eastern,22.562627,88.363044,332,0,0,0,956,0,0,599,277,976,756,277,624,55
605,34,Mumbai,Working professional,No,Male,Graduation,BOM,Android,Maharashtra,Western,18.987807,72.836447,131,0,0,0,756,555,219,30,76,650,340,215,486,55
606,24,Mumbai,Student,No,Male,Post graduation,BOM,Android,Maharashtra,Western,18.987807,72.836447,180,0,0,0,635,0,247,17,125,725,950,265,315,55
607,27,Pune,Working professional,No,Female,Post graduation,PNQ,Android,Maharashtra,Western,18.513271,73.849852,165,0,0,0,795,0,800,120,110,760,0,490,250,55
608,20,Vishakhapatnam,Student,No,Male,High School,VTZ,Android,Andhra Pradesh,Southern,17.704052,83.297663,174,0,0,0,0,0,780,40,120,540,0,0,720,54
609,20,Mumbai,Student,Yes,Female,Graduation,BOM,iOs,Maharashtra,Western,18.987807,72.836447,208,0,0,0,596,779,0,100,154,973,602,177,365,54
610,26,Delhi,Working professional,No,Female,Post graduation,DEL,iOs,Delhi,Northern,28.651952,77.231495,134,740,0,980,654,760,59,37,80,540,360,400,200,54
611,21,Delhi,Student,No,Male,Graduation,DEL,Android,Delhi,Northern,28.651952,77.231495,129,198,0,707,382,762,159,6,75,134,498,264,64,54
612,22,Delhi,Working professional,No,Male,Graduation,DEL,iOs,Delhi,Northern,28.651952,77.231495,172,166,978,575,403,640,276,204,118,129,328,312,37,54
613,36,Pune,Working professional,No,Male,Post graduation,PNQ,iOs,Maharashtra,Western,18.513271,73.849852,241,79,0,925,353,958,156,12,187,67,671,287,12,54
614,37,Chandigarh,Working professional,No,Female,Post graduation,IXC,Android,Chandigarh,Northern,30.736292,76.788398,144,0,341,240,101,197,0,0,90,0,150,47,0,54
615,24,Mumbai,Working professional,No,Female,Graduation,BOM,iOs,Maharashtra,Western,18.987807,72.836447,132,0,0,0,833,892,388,23,79,811,589,303,477,53
616,23,Delhi,Student,Yes,Male,Graduation,DEL,Android,Delhi,Northern,28.651952,77.231495,228,724,0,0,477,578,0,286,175,496,382,196,228,53
617,27,Kolkata,Working professional,No,Female,Graduation,CCU,iOs,West Bengal,Eastern,22.562627,88.363044,139,250,674,429,245,285,109,0,86,143,200,85,107,53
618,28,Delhi,Working professional,No,Male,Post graduation,DEL,Android,Delhi,Northern,28.651952,77.231495,154,448,0,881,236,515,341,81,102,336,443,72,112,52
619,25,Delhi,Student,No,Male,Post graduation,DEL,Android,Delhi,Northern,28.651952,77.231495,97,113,0,0,610,0,212,11,45,55,0,500,58,52
620,49,Bagdogra,Sabbatical,No,Female,Post graduation,IXB,iOs,West Bengal,Eastern,26.6986,88.3117,211,49,392,296,96,132,93,1,160,25,111,21,24,51
621,20,Ahmedabad,Student,No,Female,Graduation,AMD,Android,Gujarat,Western,23.025793,72.587265,140,721,0,0,560,0,300,0,90,506,855,295,215,50
623,22,Ahmedabad,Student,Yes,Female,Graduation,AMD,iOs,Gujarat,Western,23.025793,72.587265,200,0,0,0,550,350,0,109,150,750,250,100,400,50
624,25,Delhi,Working professional,No,Male,Graduation,DEL,iOs,Delhi,Northern,28.651952,77.231495,73,755,0,768,630,570,593,54,23,405,340,230,350,50
625,25,Chennai,Working professional,No,Male,Graduation,MAA,Android,Tamil Nadu,Southern,13.084622,80.248357,150,900,0,0,850,0,280,30,100,600,0,500,300,50
626,22,Mumbai,Student,Yes,Female,Graduation,BOM,iOs,Maharashtra,Western,18.987807,72.836447,150,900,0,0,420,420,0,151,100,650,300,120,250,50
627,19,Pune,Student,No,Female,High School,PNQ,Android,Maharashtra,Western,18.513271,73.849852,140,800,0,0,500,0,570,99,90,600,0,250,200,50
628,23,Kolkata,Student,No,Female,Graduation,CCU,Android,West Bengal,Eastern,22.562627,88.363044,50,400,0,0,450,0,206,7,0,200,850,200,200,50
629,40,Kolkata,Working professional,No,Female,Graduation,CCU,iOs,West Bengal,Eastern,22.562627,88.363044,250,930,0,0,310,580,500,20,200,750,500,80,180,50
630,18,Kolkata,Student,No,Male,Post graduation,CCU,Android,West Bengal,Eastern,22.562627,88.363044,170,350,750,520,230,230,203,14,120,200,200,30,150,50
631,25,Surat,Working professional,No,Male,Post graduation,STV,Android,Gujarat,Western,21.195944,72.830232,290,575,0,0,265,470,800,17,240,450,380,90,125,50
632,22,Bagdogra,Student,Yes,Male,Post graduation,IXB,Others,West Bengal,Eastern,26.6986,88.3117,250,620,0,0,470,0,250,10,200,500,950,300,120,50
633,23,Kolkata,Student,Yes,Male,Post graduation,CCU,Android,West Bengal,Eastern,22.562627,88.363044,150,320,950,600,350,480,544,12,100,200,300,180,120,50
634,25,Mumbai,Working professional,No,Female,Post graduation,BOM,iOs,Maharashtra,Western,18.987807,72.836447,594,873,0,0,535,0,273,112,544,763,0,375,110,50
635,25,Mumbai,Student,No,Male,Post graduation,BOM,Android,Maharashtra,Western,18.987807,72.836447,200,400,0,0,850,0,515,24,150,300,0,700,100,50
636,24,Mumbai,Working professional,Yes,Female,Post graduation,BOM,Android,Maharashtra,Western,18.987807,72.836447,205,245,0,995,269,814,890,34,155,180,660,154,65,50
637,19,Delhi,Student,No,Female,High School,DEL,iOs,Delhi,Northern,28.651952,77.231495,750,660,0,0,180,570,45,12,700,600,500,70,60,50
638,23,Mumbai,Student,No,Male,Post graduation,BOM,Android,Maharashtra,Western,18.987807,72.836447,390,775,0,0,285,0,170,20,340,730,0,190,45,50
639,30,Ahmedabad,Working professional,No,Male,Graduation,AMD,Android,Gujarat,Western,23.025793,72.587265,150,80,630,460,170,400,147,1,100,60,300,100,20,50
640,40,Kolkata,Working professional,No,Male,Graduation,CCU,Android,West Bengal,Eastern,22.562627,88.363044,290,65,675,540,135,320,100,2,240,50,250,70,15,50
642,52,Mumbai,Working professional,No,Male,Graduation,BOM,Android,Maharashtra,Western,18.987807,72.836447,150,0,700,450,250,550,0,0,100,0,350,200,0,50
643,24,Chandigarh,Sabbatical,Yes,Female,Graduation,IXC,iOs,Chandigarh,Northern,30.736292,76.788398,124,0,0,0,543,611,0,230,75,969,484,127,367,49
644,24,Kolkata,Working professional,No,Male,Post graduation,CCU,Android,West Bengal,Eastern,22.562627,88.363044,106,327,701,476,225,268,303,71,57,231,188,80,96,49
645,25,Delhi,Student,No,Male,Post graduation,DEL,iOs,Delhi,Northern,28.651952,77.231495,291,446,0,0,422,0,518,196,242,378,709,305,68,49
646,20,Delhi,Student,No,Male,Graduation,DEL,Android,Delhi,Northern,28.651952,77.231495,199,267,0,909,204,647,627,117,150,225,534,113,42,49
647,32,Patna,Sabbatical,No,Female,Graduation,PAT,Android,Bihar,Eastern,25.615379,85.101027,87,91,923,738,185,745,154,48,38,57,643,102,34,49
648,52,Surat,Working professional,No,Male,Graduation,STV,Android,Gujarat,Western,21.195944,72.830232,202,60,655,528,127,393,110,0,153,50,325,68,10,49
649,49,Kolkata,Sabbatical,No,Female,Graduation,CCU,iOs,West Bengal,Eastern,22.562627,88.363044,703,142,0,0,67,264,46,8,654,142,246,18,0,49
650,26,Lucknow,Working professional,No,Male,Graduation,LKO,Android,Uttar Pradesh,Northern,26.839281,80.923133,96,660,0,918,424,586,136,15,48,420,450,136,240,48
651,21,Mumbai,Student,No,Female,Post graduation,BOM,Android,Maharashtra,Western,18.987807,72.836447,278,760,0,0,495,0,720,566,230,560,865,247,200,48
652,36,Kolkata,Working professional,No,Female,Graduation,CCU,iOs,West Bengal,Eastern,22.562627,88.363044,296,518,0,0,219,649,543,56,248,431,565,84,87,48
653,25,Kolkata,Working professional,No,Male,Graduation,CCU,Android,West Bengal,Eastern,22.562627,88.363044,60,77,0,0,623,0,0,59,12,54,982,552,23,48
654,61,Kolkata,Sabbatical,No,Female,Graduation,CCU,Android,West Bengal,Eastern,22.562627,88.363044,279,0,419,339,80,140,0,0,231,0,108,32,0,48
655,24,Mumbai,Working professional,No,Female,Graduation,BOM,Android,Maharashtra,Western,18.987807,72.836447,149,525,0,0,394,0,321,133,102,423,0,245,102,47
656,55,Ahmedabad,Working professional,No,Female,Graduation,AMD,Android,Gujarat,Western,23.025793,72.587265,73,0,537,338,199,464,0,0,26,0,312,152,0,47
657,42,Baroda,Working professional,No,Female,Graduation,BDQ,Android,Gujarat,Western,22.3072,73.1812,203,0,576,434,142,373,0,0,156,0,278,95,0,47
658,49,Mumbai,Sabbatical,No,Female,Graduation,BOM,Android,Maharashtra,Western,18.987807,72.836447,124,0,259,150,109,135,0,0,77,0,73,62,0,47
659,22,Delhi,Student,Yes,Female,Graduation,DEL,Android,Delhi,Northern,28.651952,77.231495,295,845,0,0,293,353,335,578,249,687,264,89,158,46
660,45,Mumbai,Working professional,No,Male,Graduation,BOM,Android,Maharashtra,Western,18.987807,72.836447,69,2,792,546,246,721,117,0,23,2,521,200,0,46
661,31,Mumbai,Working professional,No,Male,Post graduation,BOM,iOs,Maharashtra,Western,18.987807,72.836447,85,760,0,0,0,0,876,459,40,360,645,700,400,45
662,28,Chennai,Working professional,No,Male,Graduation,MAA,Android,Tamil Nadu,Southern,13.084622,80.248357,75,610,0,0,0,0,625,75,30,250,0,0,360,45
663,36,Pune,Working professional,No,Male,Post graduation,PNQ,iOs,Maharashtra,Western,18.513271,73.849852,248,798,0,0,625,997,305,123,203,453,762,235,345,45
664,20,Delhi,Student,No,Female,High School,DEL,iOs,Delhi,Northern,28.651952,77.231495,225,0,0,0,835,0,349,15,180,750,0,450,340,45
665,24,Ahmedabad,Working professional,Yes,Male,Post graduation,AMD,iOs,Gujarat,Western,23.025793,72.587265,265,0,0,0,510,0,0,48,220,0,0,125,340,45
666,21,Bengaluru,Working professional,No,Female,Graduation,BLR,iOs,Karnataka,Southern,12.977063,77.587106,150,0,0,0,430,425,0,478,105,870,295,130,255,45
667,20,Lucknow,Student,Yes,Female,Graduation,LKO,iOs,Uttar Pradesh,Northern,26.839281,80.923133,203,0,0,0,645,0,0,63,158,840,0,360,240,45
668,22,Mumbai,Sabbatical,No,Male,Graduation,BOM,Android,Maharashtra,Western,18.987807,72.836447,105,420,730,360,370,205,227,7,60,200,100,105,220,45
669,22,Mumbai,Sabbatical,No,Male,Graduation,BOM,Android,Maharashtra,Western,18.987807,72.836447,105,420,730,360,370,205,227,7,60,200,100,105,220,45
670,32,Bengaluru,Working professional,No,Female,Post graduation,BLR,iOs,Karnataka,Southern,12.977063,77.587106,175,730,0,0,495,910,656,65,130,530,660,250,200,45
671,22,Kolkata,Student,Yes,Female,Post graduation,CCU,iOs,West Bengal,Eastern,22.562627,88.363044,445,660,0,0,355,450,330,1,400,500,300,150,160,45
672,22,Kolkata,Working professional,No,Female,Graduation,CCU,Android,West Bengal,Eastern,22.562627,88.363044,119,620,0,0,580,0,675,94,74,464,976,379,156,45
673,15,Delhi,Student,No,Male,High School,DEL,Android,Delhi,Northern,28.651952,77.231495,117,538,0,861,322,528,135,2,72,382,407,121,156,45
674,27,Bengaluru,Working professional,No,Male,Post graduation,BLR,Android,Karnataka,Southern,12.977063,77.587106,195,523,0,970,318,570,473,24,150,400,420,150,123,45
675,21,Kolkata,Student,Yes,Female,Graduation,CCU,Android,West Bengal,Eastern,22.562627,88.363044,265,320,0,0,245,0,500,70,220,210,0,90,110,45
676,23,Ahmedabad,Student,No,Male,Graduation,AMD,iOs,Gujarat,Western,23.025793,72.587265,115,311,0,753,273,600,444,9,70,203,480,120,108,45
677,24,Mumbai,Sabbatical,No,Female,Graduation,BOM,Android,Maharashtra,Western,18.987807,72.836447,90,370,0,565,495,600,785,246,45,280,240,360,90,45
678,32,Ahmedabad,Working professional,No,Female,Post graduation,AMD,iOs,Gujarat,Western,23.025793,72.587265,142,153,521,310,211,226,387,69,97,65,148,78,88,45
679,20,Delhi,Student,No,Female,Graduation,DEL,Android,Delhi,Northern,28.651952,77.231495,145,267,608,450,158,196,187,23,100,200,150,46,67,45
680,25,Mumbai,Working professional,No,Male,Graduation,BOM,Android,Maharashtra,Western,18.987807,72.836447,105,300,885,420,465,480,367,54,60,240,120,360,60,45
681,28,Mumbai,Working professional,No,Female,Post graduation,BOM,Android,Maharashtra,Western,18.987807,72.836447,110,150,620,375,245,360,225,52,65,100,210,150,50,45
682,36,Delhi,Working professional,No,Female,Graduation,DEL,iOs,Delhi,Northern,28.651952,77.231495,525,540,0,0,155,770,0,0,480,500,700,70,40,45
684,49,Mumbai,Working professional,No,Female,Post graduation,BOM,Android,Maharashtra,Western,18.987807,72.836447,165,0,0,0,245,0,0,0,120,0,0,200,0,45
685,21,Bengaluru,Working professional,No,Male,Graduation,BLR,iOs,Karnataka,Southern,12.977063,77.587106,225,0,0,900,165,840,513,43,180,0,720,120,0,45
686,52,Mumbai,Working professional,No,Male,High School,BOM,Android,Maharashtra,Western,18.987807,72.836447,123,0,587,434,153,464,0,0,78,0,356,108,0,45
687,23,Ahmedabad,Working professional,Yes,Female,Graduation,AMD,iOs,Gujarat,Western,23.025793,72.587265,145,0,405,300,105,260,652,88,100,0,200,60,0,45
688,23,Delhi,Working professional,Yes,Female,Graduation,DEL,Android,Delhi,Northern,28.651952,77.231495,82,0,0,929,853,442,55,11,38,638,253,189,620,44
689,26,Mumbai,Working professional,No,Female,Post graduation,BOM,iOs,Maharashtra,Western,18.987807,72.836447,174,781,0,0,952,0,91,4,130,521,0,648,260,44
690,27,Delhi,Working professional,No,Male,Post graduation,DEL,Android,Delhi,Northern,28.651952,77.231495,110,802,0,0,649,0,521,35,68,543,0,348,259,42
691,24,Pune,Working professional,Yes,Female,Post graduation,PNQ,Android,Maharashtra,Western,18.513271,73.849852,238,484,0,0,414,736,205,415,196,326,522,214,158,42
692,23,Mumbai,Working professional,No,Female,Graduation,BOM,iOs,Maharashtra,Western,18.987807,72.836447,139,418,0,0,292,0,421,2,97,304,992,136,114,42
693,26,Mumbai,Working professional,No,Female,Post graduation,BOM,Android,Maharashtra,Western,18.987807,72.836447,482,0,0,0,253,0,0,0,440,0,942,211,0,42
694,25,Udaipur,Student,No,Female,Graduation,UDR,Android,Rajasthan,Northern,24.57951,73.690508,108,0,0,0,948,0,139,7,67,982,621,391,516,41
695,23,Mumbai,Working professional,No,Male,Graduation,BOM,iOs,Maharashtra,Western,18.987807,72.836447,133,694,0,0,269,830,106,47,92,498,798,32,196,41
696,28,Bengaluru,Working professional,No,Male,Graduation,BLR,Android,Karnataka,Southern,12.977063,77.587106,73,103,478,214,264,302,821,61,32,67,115,187,36,41
697,58,Delhi,Working professional,No,Male,Post graduation,DEL,Android,Delhi,Northern,28.651952,77.231495,145,0,821,672,149,676,0,0,104,0,568,108,0,41
698,50,Mumbai,Sabbatical,No,Female,Graduation,BOM,Android,Maharashtra,Western,18.987807,72.836447,74,0,253,129,124,179,0,0,33,0,96,83,0,41
699,23,Ahmedabad,Working professional,Yes,Male,Post graduation,AMD,Android,Gujarat,Western,23.025793,72.587265,180,0,0,0,935,883,0,134,140,900,643,240,655,40
700,25,Mumbai,Student,No,Male,Post graduation,BOM,iOs,Maharashtra,Western,18.987807,72.836447,120,0,0,0,0,0,400,50,80,500,0,0,500,40
701,25,Chennai,Working professional,No,Male,Graduation,MAA,Android,Tamil Nadu,Southern,13.084622,80.248357,140,0,0,0,840,0,568,12,100,900,700,300,500,40
702,21,Jaipur,Student,No,Female,Graduation,JAI,iOs,Rajasthan,Northern,26.913312,75.787872,120,960,0,0,0,0,292,130,80,600,0,660,360,40
703,25,Mumbai,Working professional,No,Male,Graduation,BOM,Android,Maharashtra,Western,18.987807,72.836447,100,780,0,0,700,0,230,80,60,420,0,300,360,40
704,22,Lucknow,Sabbatical,No,Female,Graduation,LKO,iOs,Uttar Pradesh,Northern,26.839281,80.923133,280,0,0,0,725,0,220,56,240,0,0,360,325,40
705,23,Hyderabad,Student,No,Female,Graduation,HYD,iOs,Telangana,Southern,17.384052,78.456355,143,0,0,0,563,0,63,2,103,719,923,223,300,40
706,32,Pune,Sabbatical,No,Female,Graduation,PNQ,Android,Maharashtra,Western,18.513271,73.849852,140,950,0,0,590,0,200,5,100,700,0,300,250,40
707,22,Baroda,Student,Yes,Female,Graduation,BDQ,Android,Gujarat,Western,22.3072,73.1812,145,0,0,0,932,0,585,42,105,842,0,645,247,40
708,24,Mumbai,Working professional,No,Male,Graduation,BOM,Android,Maharashtra,Western,18.987807,72.836447,67,370,0,757,680,0,237,10,27,130,600,400,240,40
709,25,Surat,Working professional,Yes,Female,Post graduation,STV,iOs,Gujarat,Western,21.195944,72.830232,640,0,0,0,460,0,0,0,600,0,0,180,240,40
710,27,Delhi,Student,No,Female,Graduation,DEL,Android,Delhi,Northern,28.651952,77.231495,440,0,0,0,740,0,460,35,400,0,0,500,200,40
711,22,Ahmedabad,Student,No,Male,Post graduation,AMD,Android,Gujarat,Western,23.025793,72.587265,0,0,0,0,0,0,540,76,0,0,0,0,180,40
712,24,Delhi,Student,No,Male,Graduation,DEL,Android,Delhi,Northern,28.651952,77.231495,290,530,0,0,580,0,439,60,250,350,0,360,180,40
713,24,Delhi,Sabbatical,No,Male,Graduation,DEL,iOs,Delhi,Northern,28.651952,77.231495,100,440,0,920,560,940,455,124,60,260,600,340,180,40
714,17,Ahmedabad,Student,No,Female,High School,AMD,Android,Gujarat,Western,23.025793,72.587265,90,370,630,350,280,170,372,9,50,200,100,70,170,40
715,24,Mumbai,Working professional,No,Male,Graduation,BOM,Android,Maharashtra,Western,18.987807,72.836447,536,0,0,0,285,763,862,76,496,840,680,83,162,40
716,21,Mumbai,Student,No,Female,Graduation,BOM,Android,Maharashtra,Western,18.987807,72.836447,140,850,0,0,490,0,700,92,100,700,0,300,150,40
717,25,Kolkata,Student,Yes,Female,Post graduation,CCU,Android,West Bengal,Eastern,22.562627,88.363044,440,0,0,0,310,720,70,1,400,0,600,120,150,40
718,24,Mumbai,Student,No,Female,Graduation,BOM,Android,Maharashtra,Western,18.987807,72.836447,178,466,0,0,486,0,277,72,138,340,812,320,126,40
719,22,Chandigarh,Student,Yes,Female,Graduation,IXC,Android,Chandigarh,Northern,30.736292,76.788398,130,660,0,0,505,0,0,528,90,535,720,340,125,40
720,23,Delhi,Working professional,No,Male,Graduation,DEL,Android,Delhi,Northern,28.651952,77.231495,85,340,0,765,580,920,839,126,45,220,500,420,120,40
721,19,Surat,Student,No,Female,High School,STV,Android,Gujarat,Western,21.195944,72.830232,59,158,292,97,195,75,395,25,19,48,30,45,110,40
722,26,Delhi,Working professional,Yes,Female,Graduation,DEL,Android,Delhi,Northern,28.651952,77.231495,280,462,0,0,262,540,0,529,240,360,420,120,102,40
723,24,Delhi,Working professional,No,Male,Graduation,DEL,Android,Delhi,Northern,28.651952,77.231495,160,325,975,740,235,490,349,25,120,230,390,100,95,40
725,28,Chandigarh,Working professional,No,Male,Post graduation,IXC,iOs,Chandigarh,Northern,30.736292,76.788398,120,325,865,660,205,420,560,78,80,235,345,75,90,40
726,27,Mumbai,Working professional,No,Male,Post graduation,BOM,Android,Maharashtra,Western,18.987807,72.836447,150,249,719,525,194,320,289,30,110,180,235,85,69,40
727,25,Udaipur,Working professional,No,Male,Graduation,UDR,iOs,Rajasthan,Northern,24.57951,73.690508,215,270,0,0,400,0,108,19,175,210,840,300,60,40
728,40,Kolkata,Working professional,No,Male,Post graduation,CCU,Android,West Bengal,Eastern,22.562627,88.363044,360,500,0,0,140,0,200,3,320,450,0,50,50,40
729,42,Ahmedabad,Working professional,No,Male,Graduation,AMD,Others,Gujarat,Western,23.025793,72.587265,240,50,595,460,135,305,265,12,200,20,240,65,30,40
730,57,Mumbai,Working professional,No,Male,Graduation,BOM,Android,Maharashtra,Western,18.987807,72.836447,61,4,261,122,139,196,93,51,21,4,97,99,0,40
731,52,Delhi,Working professional,No,Male,Graduation,DEL,Android,Delhi,Northern,28.651952,77.231495,240,0,515,420,95,275,0,0,200,0,220,55,0,40
732,52,Ahmedabad,Sabbatical,No,Male,High School,AMD,Android,Gujarat,Western,23.025793,72.587265,240,0,480,400,80,240,0,0,200,0,200,40,0,40
734,28,Delhi,Working professional,No,Female,Post graduation,DEL,Android,Delhi,Northern,28.651952,77.231495,187,603,0,0,438,0,242,52,148,425,780,221,178,39
735,41,Delhi,Working professional,No,Female,Graduation,DEL,Android,Delhi,Northern,28.651952,77.231495,355,208,0,0,261,0,909,60,316,76,0,90,132,39
736,22,Mumbai,Sabbatical,No,Male,Graduation,BOM,Android,Maharashtra,Western,18.987807,72.836447,234,849,0,0,371,559,273,38,196,648,427,132,201,38
737,21,Delhi,Student,No,Female,Graduation,DEL,iOs,Delhi,Northern,28.651952,77.231495,124,447,0,720,399,548,177,7,86,259,375,173,188,38
738,32,Patna,Working professional,No,Male,High School,PAT,Android,Bihar,Eastern,25.615379,85.101027,189,590,0,0,394,893,289,48,151,449,678,215,141,38
739,24,Delhi,Working professional,No,Female,Graduation,DEL,iOs,Delhi,Northern,28.651952,77.231495,315,155,876,542,334,406,240,227,277,109,156,250,46,38
740,24,Mumbai,Student,No,Female,Post graduation,BOM,Android,Maharashtra,Western,18.987807,72.836447,160,0,0,0,0,0,824,98,123,487,0,762,867,37
741,24,Mumbai,Student,No,Female,Post graduation,BOM,Android,Maharashtra,Western,18.987807,72.836447,111,411,0,0,941,0,785,215,74,127,0,620,284,37
742,26,Lucknow,Student,No,Male,Post graduation,LKO,Android,Uttar Pradesh,Northern,26.839281,80.923133,119,935,0,0,681,0,501,24,82,726,0,435,209,37
743,23,Kolkata,Working professional,Yes,Female,Post graduation,CCU,iOs,West Bengal,Eastern,22.562627,88.363044,85,534,0,669,359,409,233,39,48,352,269,140,182,37
744,22,Ahmedabad,Sabbatical,No,Male,Graduation,AMD,Android,Gujarat,Western,23.025793,72.587265,115,369,741,502,239,257,893,25,78,234,190,67,135,37
745,23,Mumbai,Sabbatical,No,Male,Post graduation,BOM,Android,Maharashtra,Western,18.987807,72.836447,158,437,0,0,500,0,687,98,121,340,870,366,97,37
746,23,Delhi,Working professional,No,Male,Graduation,DEL,iOs,Delhi,Northern,28.651952,77.231495,61,174,359,201,158,124,387,126,24,106,71,53,68,37
747,36,Bengaluru,Working professional,No,Male,Post graduation,BLR,iOs,Karnataka,Southern,12.977063,77.587106,231,164,819,673,146,424,94,2,194,127,352,72,37,37
748,20,Ahmedabad,Student,No,Male,Graduation,AMD,Android,Gujarat,Western,23.025793,72.587265,148,667,0,949,212,346,567,87,112,539,298,48,128,36
749,22,Bhubaneshwar,Student,Yes,Female,Graduation,BBI,Android,Odisha,Eastern,20.272411,85.833853,92,563,0,0,606,0,881,27,56,440,0,447,123,36
750,23,Delhi,Student,No,Female,Graduation,DEL,Android,Delhi,Northern,28.651952,77.231495,236,878,0,0,234,540,364,14,200,760,460,80,118,36
751,52,Bagdogra,Working professional,No,Female,Graduation,IXB,Android,West Bengal,Eastern,26.6986,88.3117,287,0,0,0,183,902,0,0,251,0,755,147,0,36
752,24,Delhi,Working professional,No,Male,Post graduation,DEL,iOs,Delhi,Northern,28.651952,77.231495,219,0,0,937,122,840,0,0,183,0,754,86,0,36
753,24,Mumbai,Sabbatical,No,Female,Graduation,BOM,Android,Maharashtra,Western,18.987807,72.836447,89,0,0,0,789,0,186,104,54,894,0,351,403,35
754,25,Ahmedabad,Working professional,No,Male,Post graduation,AMD,iOs,Gujarat,Western,23.025793,72.587265,155,775,0,0,705,0,850,36,120,545,0,440,230,35
755,26,Bengaluru,Working professional,No,Female,Graduation,BLR,iOs,Karnataka,Southern,12.977063,77.587106,77,509,942,555,387,356,149,38,42,289,224,132,220,35
756,23,Chandigarh,Student,No,Female,Graduation,IXC,Android,Chandigarh,Northern,30.736292,76.788398,165,625,0,910,267,387,81,16,130,480,300,87,145,35
757,29,Surat,Sabbatical,No,Female,Post graduation,STV,Android,Gujarat,Western,21.195944,72.830232,103,430,0,0,575,0,456,23,68,310,900,420,120,35
758,30,Ranchi,Sabbatical,No,Female,Graduation,IXR,iOs,Jharkhand,Eastern,23.347768,85.338564,91,364,695,453,242,240,0,121,56,244,153,87,120,35
759,23,Pune,Student,No,Male,Graduation,PNQ,iOs,Maharashtra,Western,18.513271,73.849852,95,243,733,453,280,395,143,4,60,148,245,150,95,35
760,21,Delhi,Student,Yes,Female,Graduation,DEL,Android,Delhi,Northern,28.651952,77.231495,175,374,0,0,709,0,941,298,140,300,0,600,74,35
761,30,Hyderabad,Student,No,Male,High School,HYD,Android,Telangana,Southern,17.384052,78.456355,153,340,0,0,113,0,150,11,118,300,0,38,40,35
762,22,Mumbai,Working professional,No,Male,Graduation,BOM,Android,Maharashtra,Western,18.987807,72.836447,174,854,0,0,389,831,458,42,140,698,632,199,156,34
763,21,Surat,Student,No,Female,Graduation,STV,Android,Gujarat,Western,21.195944,72.830232,157,574,951,727,224,220,264,17,123,442,162,58,132,34
764,22,Kolkata,Working professional,No,Female,Graduation,CCU,iOs,West Bengal,Eastern,22.562627,88.363044,90,354,900,590,310,456,0,92,56,245,289,167,109,34
765,22,Mumbai,Working professional,No,Male,Graduation,BOM,iOs,Maharashtra,Western,18.987807,72.836447,42,340,0,0,238,965,51,9,8,285,816,149,55,34
766,52,Mumbai,Working professional,No,Female,Graduation,BOM,Android,Maharashtra,Western,18.987807,72.836447,68,0,0,902,346,0,0,0,34,0,868,312,0,34
767,22,Mumbai,Sabbatical,No,Male,Graduation,BOM,Android,Maharashtra,Western,18.987807,72.836447,145,860,0,0,472,0,512,47,112,637,796,216,223,33
768,32,Delhi,Working professional,No,Female,Graduation,DEL,Android,Delhi,Northern,28.651952,77.231495,77,614,0,948,406,663,616,64,44,484,420,243,130,33
769,23,Bagdogra,Working professional,No,Female,Graduation,IXB,iOs,West Bengal,Eastern,26.6986,88.3117,65,288,955,668,287,602,279,131,32,206,430,172,82,33
770,20,Delhi,Student,No,Female,Post graduation,DEL,Android,Delhi,Northern,28.651952,77.231495,88,646,0,802,365,433,315,55,56,425,321,112,221,32
771,22,Kolkata,Working professional,Yes,Female,Graduation,CCU,iOs,West Bengal,Eastern,22.562627,88.363044,53,361,713,473,240,299,789,231,21,218,234,65,143,32
772,32,Delhi,Working professional,No,Male,Post graduation,DEL,iOs,Delhi,Northern,28.651952,77.231495,52,208,910,570,340,650,400,15,20,100,450,200,108,32
773,22,Delhi,Student,No,Male,Graduation,DEL,Android,Delhi,Northern,28.651952,77.231495,139,291,833,655,178,403,410,44,107,227,321,82,64,32
774,24,Mumbai,Working professional,No,Female,Graduation,BOM,iOs,Maharashtra,Western,18.987807,72.836447,67,0,0,0,819,0,247,143,36,745,914,332,456,31
775,21,Mumbai,Student,Yes,Female,Post graduation,BOM,Android,Maharashtra,Western,18.987807,72.836447,110,756,0,818,306,258,630,185,79,538,201,57,218,31
776,26,Delhi,Working professional,No,Female,Post graduation,DEL,iOs,Delhi,Northern,28.651952,77.231495,53,289,0,0,273,0,943,23,22,98,967,51,191,31
777,18,Delhi,Student,No,Female,High School,DEL,Android,Delhi,Northern,28.651952,77.231495,30,0,0,0,0,0,322,9,0,532,0,0,779,30
778,22,Ranchi,Student,Yes,Male,Graduation,IXR,Android,Jharkhand,Eastern,23.347768,85.338564,90,0,0,0,0,0,831,27,60,600,0,720,480,30
779,29,Hyderabad,Working professional,No,Male,Graduation,HYD,iOs,Telangana,Southern,17.384052,78.456355,105,0,0,0,709,0,180,14,75,0,0,304,375,30
780,23,Indore,Working professional,No,Male,Graduation,IDR,Android,Madhya Pradesh,Central,22.717736,75.85859,34,989,0,884,453,314,500,97,4,620,260,54,369,30
781,23,Bengaluru,Sabbatical,Yes,Female,Graduation,BLR,Android,Karnataka,Southern,12.977063,77.587106,240,937,0,0,849,0,618,66,210,647,0,529,290,30
782,24,Delhi,Working professional,No,Female,Post graduation,DEL,Android,Delhi,Northern,28.651952,77.231495,130,740,0,0,520,870,672,43,100,470,650,220,270,30
783,21,Chandigarh,Student,No,Female,Graduation,IXC,iOs,Chandigarh,Northern,30.736292,76.788398,142,970,0,0,465,695,0,108,112,700,530,165,270,30
784,24,Lucknow,Student,No,Female,Graduation,LKO,iOs,Uttar Pradesh,Northern,26.839281,80.923133,90,750,0,0,530,850,557,236,60,500,600,250,250,30
785,23,Bhubaneshwar,Working professional,Yes,Female,Graduation,BBI,Android,Odisha,Eastern,20.272411,85.833853,60,550,810,450,360,200,0,887,30,300,120,80,250,30
786,24,Bengaluru,Working professional,No,Female,Graduation,BLR,Android,Karnataka,Southern,12.977063,77.587106,75,0,0,0,433,558,762,596,45,0,400,158,245,30
787,22,Vishakhapatnam,Student,No,Female,Graduation,VTZ,Android,Andhra Pradesh,Southern,17.704052,83.297663,60,555,0,0,870,0,640,99,30,315,0,600,240,30
788,23,Delhi,Student,No,Female,Graduation,DEL,Android,Delhi,Northern,28.651952,77.231495,30,240,0,750,390,870,270,10,0,0,750,120,240,30
790,23,Delhi,Student,No,Female,Graduation,DEL,Android,Delhi,Northern,28.651952,77.231495,120,800,0,0,385,995,637,89,90,600,840,155,200,30
791,35,Mumbai,Sabbatical,No,Female,Graduation,BOM,Android,Maharashtra,Western,18.987807,72.836447,272,0,0,0,420,0,986,455,242,0,994,210,180,30
792,23,Delhi,Sabbatical,No,Female,Graduation,DEL,Android,Delhi,Northern,28.651952,77.231495,90,620,0,920,330,540,278,84,60,440,420,120,180,30
793,25,Delhi,Working professional,Yes,Male,High School,DEL,iOs,Delhi,Northern,28.651952,77.231495,80,330,760,430,330,350,594,23,50,150,230,120,180,30
794,24,Bhubaneshwar,Student,No,Male,Graduation,BBI,Android,Odisha,Eastern,20.272411,85.833853,53,271,654,290,364,330,660,258,23,113,154,176,158,30
795,23,Indore,Working professional,No,Male,Graduation,IDR,Android,Madhya Pradesh,Central,22.717736,75.85859,130,350,0,900,540,960,400,10,100,200,600,360,150,30
796,20,Delhi,Student,No,Male,Graduation,DEL,Android,Delhi,Northern,28.651952,77.231495,100,570,0,910,330,570,625,72,70,420,420,150,150,30
797,29,Bengaluru,Working professional,No,Female,Post graduation,BLR,iOs,Karnataka,Southern,12.977063,77.587106,156,417,0,858,340,625,304,95,126,294,438,187,123,30
798,25,Lucknow,Student,Yes,Male,Graduation,LKO,Android,Uttar Pradesh,Northern,26.839281,80.923133,90,540,0,0,510,0,654,34,60,420,0,360,120,30
799,27,Mumbai,Working professional,No,Male,Post graduation,BOM,Android,Maharashtra,Western,18.987807,72.836447,330,180,930,660,270,420,230,37,300,60,300,120,120,30
800,24,Mumbai,Student,No,Male,Post graduation,BOM,iOs,Maharashtra,Western,18.987807,72.836447,90,420,0,960,210,660,518,293,60,300,600,60,120,30
801,24,Delhi,Working professional,No,Female,Graduation,DEL,Android,Delhi,Northern,28.651952,77.231495,70,558,0,901,369,642,560,58,40,440,421,221,118,30
802,23,Mumbai,Student,No,Female,Graduation,BOM,Android,Maharashtra,Western,18.987807,72.836447,119,517,0,0,585,0,845,108,89,400,0,438,117,30
803,25,Delhi,Student,No,Male,Graduation,DEL,Android,Delhi,Northern,28.651952,77.231495,155,390,0,0,240,900,170,8,125,300,780,120,90,30
804,21,Kolkata,Student,No,Female,Graduation,CCU,Android,West Bengal,Eastern,22.562627,88.363044,200,330,0,0,385,0,450,1,170,270,855,295,60,30
805,23,Lucknow,Student,No,Female,Post graduation,LKO,Android,Uttar Pradesh,Northern,26.839281,80.923133,60,270,0,960,330,960,200,2,30,210,720,240,60,30
806,57,Delhi,Sabbatical,No,Male,Graduation,DEL,Android,Delhi,Northern,28.651952,77.231495,80,150,530,350,180,300,28,0,50,100,200,100,50,30
807,74,Ahmedabad,Working professional,No,Female,Post graduation,AMD,Android,Gujarat,Western,23.025793,72.587265,330,340,0,870,150,350,10,2,300,290,280,70,50,30
808,42,Kochi,Sabbatical,No,Female,High School,COK,Android,Kerala,Southern,9.947743,76.253802,90,165,485,380,105,230,109,0,60,120,200,30,45,30
810,25,Ahmedabad,Working professional,No,Male,Post graduation,AMD,iOs,Gujarat,Western,23.025793,72.587265,80,80,510,400,110,350,89,3,50,50,300,50,30,30
811,21,Bengaluru,Student,No,Male,Graduation,BLR,Android,Karnataka,Southern,12.977063,77.587106,90,40,170,80,90,40,100,0,60,10,10,30,30,30
813,52,Ahmedabad,Working professional,No,Male,Graduation,AMD,Android,Gujarat,Western,23.025793,72.587265,70,35,240,150,90,135,173,13,40,20,90,45,15,30
814,50,Kolkata,Working professional,No,Male,Graduation,CCU,Android,West Bengal,Eastern,22.562627,88.363044,50,15,615,454,161,550,23,1,20,5,429,121,10,30
815,29,Kolkata,Working professional,No,Male,Post graduation,CCU,Android,West Bengal,Eastern,22.562627,88.363044,390,40,760,690,70,330,79,103,360,30,300,30,10,30
816,21,Ahmedabad,Student,No,Female,Graduation,AMD,Android,Gujarat,Western,23.025793,72.587265,60,0,0,0,437,0,0,0,30,0,0,407,0,30
817,31,Kolkata,Working professional,No,Male,Graduation,CCU,iOs,West Bengal,Eastern,22.562627,88.363044,40,0,460,370,90,420,204,4,10,0,360,60,0,30
818,26,Mumbai,Sabbatical,No,Male,Graduation,BOM,iOs,Maharashtra,Western,18.987807,72.836447,97,311,0,917,231,740,278,12,68,217,632,108,94,29
819,29,Kolkata,Working professional,No,Male,Graduation,CCU,Android,West Bengal,Eastern,22.562627,88.363044,67,61,257,172,85,129,105,10,38,34,100,29,27,29
820,29,Kolkata,Working professional,No,Male,Post graduation,CCU,iOs,West Bengal,Eastern,22.562627,88.363044,97,45,0,642,368,868,0,0,68,32,542,326,13,29
822,25,Delhi,Working professional,No,Male,Post graduation,DEL,iOs,Delhi,Northern,28.651952,77.231495,78,478,0,722,317,483,525,172,50,311,361,122,167,28
823,22,Mumbai,Working professional,No,Male,Post graduation,BOM,Android,Maharashtra,Western,18.987807,72.836447,172,246,765,533,232,347,455,58,144,156,233,114,90,28
824,23,Delhi,Student,No,Male,Graduation,DEL,Android,Delhi,Northern,28.651952,77.231495,105,303,827,584,243,419,150,15,77,225,282,137,78,28
825,24,Jaipur,Working professional,No,Male,Post graduation,JAI,Android,Rajasthan,Northern,26.913312,75.787872,81,210,0,0,467,0,681,115,53,135,924,364,75,28
826,23,Delhi,Student,No,Female,Graduation,DEL,Android,Delhi,Northern,28.651952,77.231495,60,403,0,0,332,995,244,30,32,349,745,250,54,28
827,26,Indore,Working professional,No,Male,Graduation,IDR,Android,Madhya Pradesh,Central,22.717736,75.85859,73,134,695,512,183,488,278,18,45,89,378,110,45,28
828,54,Mumbai,Working professional,No,Male,Post graduation,BOM,Android,Maharashtra,Western,18.987807,72.836447,56,0,0,774,304,0,0,0,28,0,746,276,0,28
829,24,Bhubaneshwar,Student,No,Male,Post graduation,BBI,iOs,Odisha,Eastern,20.272411,85.833853,77,929,0,0,645,851,566,207,50,637,525,326,292,27
830,37,Delhi,Working professional,No,Male,Post graduation,DEL,iOs,Delhi,Northern,28.651952,77.231495,39,512,0,859,995,0,672,87,12,222,625,678,290,27
832,25,Mumbai,Working professional,Yes,Male,Post graduation,BOM,Android,Maharashtra,Western,18.987807,72.836447,81,148,0,684,359,814,753,453,54,116,514,300,32,27
833,25,Delhi,Working professional,No,Male,Graduation,DEL,Android,Delhi,Northern,28.651952,77.231495,61,0,0,0,631,515,139,87,35,664,369,146,459,26
834,16,Delhi,Student,Yes,Female,High School,DEL,Android,Delhi,Northern,28.651952,77.231495,457,583,0,0,845,918,587,15,431,236,446,472,347,26
835,21,Surat,Student,No,Female,Graduation,STV,Android,Gujarat,Western,21.195944,72.830232,91,880,0,0,736,0,652,121,65,590,0,420,290,26
836,23,Delhi,Sabbatical,No,Female,Graduation,DEL,Android,Delhi,Northern,28.651952,77.231495,83,823,0,921,413,428,260,123,57,544,320,108,279,26
837,23,Delhi,Working professional,No,Male,Graduation,DEL,Android,Delhi,Northern,28.651952,77.231495,26,281,0,887,212,792,126,132,0,127,760,32,154,26
838,24,Mumbai,Working professional,No,Female,Post graduation,BOM,Android,Maharashtra,Western,18.987807,72.836447,156,610,0,0,218,771,86,23,130,549,640,131,61,26
839,23,Delhi,Working professional,No,Female,Graduation,DEL,Android,Delhi,Northern,28.651952,77.231495,75,0,0,0,0,0,689,167,50,800,0,700,500,25
840,27,Mumbai,Working professional,Yes,Female,Post graduation,BOM,iOs,Maharashtra,Western,18.987807,72.836447,207,0,0,0,505,0,933,306,182,0,0,120,360,25
841,21,Mumbai,Student,Yes,Male,Graduation,BOM,Android,Maharashtra,Western,18.987807,72.836447,75,0,0,0,0,0,0,65,50,0,0,0,300,25
842,24,Ahmedabad,Student,No,Male,Graduation,AMD,Android,Gujarat,Western,23.025793,72.587265,37,432,856,481,375,387,0,525,12,144,325,62,288,25
843,24,Kochi,Student,No,Female,Graduation,COK,Android,Kerala,Southern,9.947743,76.253802,85,0,0,0,370,0,345,76,60,0,890,145,200,25
844,22,Bagdogra,Student,Yes,Female,Graduation,IXB,Android,West Bengal,Eastern,26.6986,88.3117,97,864,0,0,687,0,185,85,72,673,0,471,191,25
846,22,Delhi,Working professional,No,Female,Post graduation,DEL,Android,Delhi,Northern,28.651952,77.231495,125,649,0,0,325,0,324,24,100,524,983,175,125,25
848,48,Mumbai,Sabbatical,No,Female,Graduation,BOM,Android,Maharashtra,Western,18.987807,72.836447,40,55,190,120,70,95,71,2,15,45,60,35,10,25
849,45,Mumbai,Working professional,No,Male,Post graduation,BOM,Android,Maharashtra,Western,18.987807,72.836447,145,0,895,670,225,750,0,0,120,0,550,200,0,25
850,23,Ranchi,Student,No,Female,Graduation,IXR,iOs,Jharkhand,Eastern,23.347768,85.338564,136,0,0,0,624,0,0,528,112,900,854,360,240,24
851,26,Mumbai,Working professional,No,Female,Post graduation,BOM,Android,Maharashtra,Western,18.987807,72.836447,99,512,0,0,463,0,289,91,75,335,756,262,177,24
853,22,Mumbai,Working professional,No,Male,Graduation,BOM,iOs,Maharashtra,Western,18.987807,72.836447,161,784,0,0,230,402,481,48,137,674,306,96,110,24
854,24,Mumbai,Student,No,Male,Post graduation,BOM,Android,Maharashtra,Western,18.987807,72.836447,48,545,0,0,306,0,534,101,24,457,0,194,88,24
855,35,Kolkata,Working professional,No,Female,Post graduation,CCU,Android,West Bengal,Eastern,22.562627,88.363044,284,72,0,0,162,908,150,26,260,59,783,125,13,24
856,45,Ahmedabad,Working professional,No,Female,Post graduation,AMD,iOs,Gujarat,Western,23.025793,72.587265,52,0,303,195,108,251,0,0,28,0,167,84,0,24
857,50,Kolkata,Working professional,No,Male,Graduation,CCU,Android,West Bengal,Eastern,22.562627,88.363044,122,0,310,254,56,188,0,0,98,0,156,32,0,24
858,19,Delhi,Student,No,Female,High School,DEL,iOs,Delhi,Northern,28.651952,77.231495,90,0,0,0,797,704,0,342,67,745,359,345,429,23
859,24,Ahmedabad,Sabbatical,No,Male,Graduation,AMD,Android,Gujarat,Western,23.025793,72.587265,80,0,0,0,402,595,164,8,57,897,472,123,256,23
860,34,Delhi,Sabbatical,Yes,Female,Post graduation,DEL,Android,Delhi,Northern,28.651952,77.231495,67,566,0,713,474,554,0,710,44,349,320,234,217,23
861,29,Mumbai,Working professional,No,Female,Graduation,BOM,Android,Maharashtra,Western,18.987807,72.836447,43,731,0,990,721,937,0,218,20,552,418,519,179,23
862,23,Surat,Student,No,Female,Graduation,STV,iOs,Gujarat,Western,21.195944,72.830232,57,535,0,0,206,727,470,59,34,430,649,78,105,23
863,45,Mumbai,Working professional,No,Male,Post graduation,BOM,Android,Maharashtra,Western,18.987807,72.836447,107,156,698,499,199,435,276,65,84,67,348,87,89,23
864,24,Lucknow,Student,No,Male,Graduation,Lko,Android,Uttar Pradesh,Northern,26.839281,80.923133,152,364,0,946,309,739,245,68,129,286,531,208,78,23
865,23,Delhi,Student,No,Male,Graduation,DEL,Android,Delhi,Northern,28.651952,77.231495,43,372,0,0,575,0,280,25,20,300,0,480,72,23
866,20,Surat,Student,No,Female,Graduation,STV,Android,Gujarat,Western,21.195944,72.830232,83,538,0,0,301,810,360,56,60,470,600,210,68,23
867,42,Mumbai,Working professional,No,Female,Post graduation,BOM,iOs,Maharashtra,Western,18.987807,72.836447,147,72,743,544,199,524,299,3,124,34,386,138,38,23
868,40,Mumbai,Working professional,No,Male,Graduation,BOM,Android,Maharashtra,Western,18.987807,72.836447,80,0,0,933,152,0,0,0,57,0,876,129,0,23
869,48,Indore,Working professional,No,Female,Post graduation,IDR,Android,Madhya Pradesh,Central,22.717736,75.85859,518,0,728,617,111,210,0,0,495,0,122,88,0,23
870,47,Delhi,Working professional,No,Female,Graduation,DEL,Android,Delhi,Northern,28.651952,77.231495,123,0,418,340,78,295,0,0,100,0,240,55,0,23
871,22,Jaipur,Student,No,Male,Post graduation,JAI,iOs,Rajasthan,Northern,26.913312,75.787872,44,0,0,0,425,499,342,94,22,759,387,112,291,22
872,34,Bengaluru,Working professional,No,Female,Graduation,BLR,iOs,Karnataka,Southern,12.977063,77.587106,32,330,0,889,511,0,870,198,10,155,724,314,175,22
873,21,Mumbai,Student,Yes,Male,Graduation,BOM,Android,Maharashtra,Western,18.987807,72.836447,84,488,0,0,261,780,595,130,62,358,671,109,130,22
874,22,Delhi,Working professional,No,Female,Post graduation,DEL,iOs,Delhi,Northern,28.651952,77.231495,55,398,0,697,369,613,289,53,33,275,389,224,123,22
875,25,Delhi,Student,No,Male,Post graduation,DEL,Android,Delhi,Northern,28.651952,77.231495,46,737,0,0,685,0,661,258,25,452,635,379,285,21
876,26,Bengaluru,Working professional,No,Male,Graduation,BLR,Android,Karnataka,Southern,12.977063,77.587106,75,665,0,0,601,0,0,99,54,475,975,390,190,21
877,18,Delhi,Student,Yes,Male,Graduation,DEL,Android,Delhi,Northern,28.651952,77.231495,57,315,542,323,219,170,425,76,36,187,100,70,128,21
878,23,Ranchi,Working professional,Yes,Male,Graduation,IXR,Android,Jharkhand,Eastern,23.347768,85.338564,78,277,852,643,209,497,0,145,57,226,360,137,51,21
879,18,Mumbai,Student,No,Female,High School,BOM,iOs,Maharashtra,Western,18.987807,72.836447,100,0,0,0,0,0,630,57,80,0,0,0,0,20
880,26,Chennai,Working professional,Yes,Female,Graduation,MAA,iOs,Tamil Nadu,Southern,13.084622,80.248357,65,0,0,0,0,0,280,5,45,0,0,295,0,20
881,25,Mumbai,Working professional,No,Female,Graduation,BOM,iOs,Maharashtra,Western,18.987807,72.836447,80,0,0,0,0,0,787,172,60,300,0,0,720,20
882,18,Surat,Student,Yes,Male,High School,STV,Android,Gujarat,Western,21.195944,72.830232,120,0,0,0,0,0,600,68,100,0,0,480,600,20
883,22,Mumbai,Student,No,Female,Graduation,BOM,iOs,Maharashtra,Western,18.987807,72.836447,20,0,0,0,710,390,667,183,0,750,300,90,600,20
884,38,Delhi,Sabbatical,No,Female,Post graduation,DEL,Android,Delhi,Northern,28.651952,77.231495,50,0,0,0,0,0,300,80,30,600,0,700,400,20
885,19,Ahmedabad,Student,No,Male,High School,AMD,iOs,Gujarat,Western,23.025793,72.587265,80,0,0,0,670,670,607,47,60,0,420,250,400,20
886,21,Jaipur,Student,No,Female,Graduation,JAI,Android,Rajasthan,Northern,26.913312,75.787872,45,810,0,0,920,0,455,46,25,450,0,540,360,20
887,18,Mumbai,Student,No,Female,High School,BOM,Android,Maharashtra,Western,18.987807,72.836447,35,560,0,575,780,760,567,327,15,200,360,400,360,20
888,16,Mumbai,Student,No,Female,High School,BOM,Android,Maharashtra,Western,18.987807,72.836447,100,0,0,0,532,0,976,256,80,0,900,156,356,20
889,20,Mumbai,Student,Yes,Female,High School,BOM,Android,Maharashtra,Western,18.987807,72.836447,80,0,0,0,483,720,0,167,60,0,595,125,338,20
890,20,Delhi,Student,No,Female,Graduation,DEL,Android,Delhi,Northern,28.651952,77.231495,50,510,0,920,640,0,256,123,30,250,640,360,260,20
891,21,Ahmedabad,Student,Yes,Male,Graduation,AMD,Android,Gujarat,Western,23.025793,72.587265,220,480,0,560,460,320,0,202,200,240,120,200,240,20
892,24,Bengaluru,Working professional,Yes,Female,Graduation,BLR,iOs,Karnataka,Southern,12.977063,77.587106,74,888,0,921,353,312,0,114,54,648,219,93,240,20
893,18,DehraDun,Student,No,Male,Post graduation,DED,Android,Uttarakhand,Northern,30.324427,78.033922,300,690,0,0,340,840,250,1,280,490,720,120,200,20
894,24,Bengaluru,Student,No,Male,Graduation,BLR,Android,Karnataka,Southern,12.977063,77.587106,110,679,0,0,465,0,257,14,90,492,783,258,187,20
895,25,Mumbai,Sabbatical,Yes,Male,Graduation,BOM,iOs,Maharashtra,Western,18.987807,72.836447,76,0,0,0,378,0,687,197,56,973,0,176,182,20
896,24,Kochi,Working professional,No,Female,Graduation,COK,Android,Kerala,Southern,9.947743,76.253802,70,480,0,0,659,0,390,50,50,300,0,459,180,20
897,24,Kolkata,Student,Yes,Male,Graduation,CCU,Android,West Bengal,Eastern,22.562627,88.363044,80,570,0,0,0,0,533,270,60,420,0,840,150,20
898,24,Delhi,Working professional,No,Male,Graduation,DEL,Android,Delhi,Northern,28.651952,77.231495,120,400,0,0,570,0,370,35,100,250,0,400,150,20
899,24,Mumbai,Student,No,Female,Post graduation,BOM,Android,Maharashtra,Western,18.987807,72.836447,60,675,0,985,290,540,456,21,40,525,420,120,150,20
900,19,Delhi,Student,No,Male,Graduation,DEL,Android,Delhi,Northern,28.651952,77.231495,90,634,0,855,275,406,657,9,70,498,287,119,136,20
901,28,Patna,Working professional,No,Female,Graduation,PAT,Android,Bihar,Eastern,25.615379,85.101027,45,240,0,754,381,850,0,96,25,106,623,227,134,20
902,16,Delhi,Student,No,Male,High School,DEL,Android,Delhi,Northern,28.651952,77.231495,95,581,0,0,245,789,289,15,75,456,689,100,125,20
903,25,Delhi,Student,Yes,Female,Graduation,DEL,Android,Delhi,Northern,28.651952,77.231495,20,420,0,0,0,0,0,278,0,300,0,0,120,20
904,25,Mumbai,Working professional,No,Female,Graduation,BOM,iOs,Maharashtra,Western,18.987807,72.836447,55,420,0,0,740,0,430,262,35,300,0,600,120,20
905,28,Jaipur,Student,No,Male,Post graduation,JAI,Android,Rajasthan,Northern,26.913312,75.787872,140,0,0,0,500,0,297,6,120,900,0,360,120,20
906,24,Delhi,Working professional,Yes,Male,Graduation,DEL,Android,Delhi,Northern,28.651952,77.231495,59,210,544,329,215,275,500,48,39,90,200,75,120,20
907,24,Kolkata,Working professional,No,Male,Graduation,Ccu,iOs,West Bengal,Eastern,22.562627,88.363044,140,240,0,0,190,0,500,26,120,120,0,50,120,20
908,20,Mumbai,Student,No,Female,Graduation,BOM,iOs,Maharashtra,Western,18.987807,72.836447,40,460,860,650,210,360,600,95,20,350,280,80,110,20
909,25,Pune,Working professional,Yes,Male,Graduation,PNQ,Android,Maharashtra,Western,18.513271,73.849852,200,0,0,0,210,570,510,145,180,960,480,90,100,20
910,20,Pune,Student,No,Female,Graduation,PNQ,iOs,Maharashtra,Western,18.513271,73.849852,20,240,0,0,0,0,583,45,0,150,0,900,90,20
911,27,Delhi,Sabbatical,No,Male,Graduation,DEL,Android,Delhi,Northern,28.651952,77.231495,40,180,865,710,155,645,790,150,20,90,600,45,90,20
912,21,Delhi,Student,Yes,Male,Graduation,DEL,Android,Delhi,Northern,28.651952,77.231495,120,380,780,600,180,280,131,61,100,300,200,80,80,20
913,28,Chandigarh,Sabbatical,Yes,Male,Post graduation,IXC,Android,Chandigarh,Northern,30.736292,76.788398,150,260,830,620,210,420,900,160,130,190,300,120,70,20
914,22,Baroda,Working professional,No,Male,Graduation,BDQ,Android,Gujarat,Western,22.3072,73.1812,43,209,375,255,120,123,136,1,23,147,85,38,62,20
915,26,Pune,Student,No,Male,Post graduation,PNQ,Android,Maharashtra,Western,18.513271,73.849852,60,133,0,835,528,0,540,14,40,75,720,450,58,20
916,24,Delhi,Working professional,No,Male,Graduation,DEL,iOs,Delhi,Northern,28.651952,77.231495,80,260,0,812,278,750,126,29,60,202,550,200,58,20
917,25,Kolkata,Working professional,No,Male,Graduation,CCU,Android,West Bengal,Eastern,22.562627,88.363044,70,170,0,770,320,850,220,85,50,120,600,250,50,20
918,25,Bengaluru,Working professional,No,Male,Graduation,BLR,Android,Karnataka,Southern,12.977063,77.587106,87,333,708,585,123,288,329,31,67,286,232,56,47,20
919,25,Bengaluru,Working professional,No,Male,Graduation,BLR,Android,Karnataka,Southern,12.977063,77.587106,87,333,708,585,123,288,329,31,67,286,232,56,47,20
920,25,Mumbai,Student,Yes,Male,Post graduation,BOM,Android,Maharashtra,Western,18.987807,72.836447,44,225,0,0,0,0,0,205,24,180,0,0,45,20
921,23,Mumbai,Working professional,No,Male,Graduation,BOM,iOs,Maharashtra,Western,18.987807,72.836447,30,105,735,310,425,600,45,15,10,60,240,360,45,20
922,21,Lucknow,Student,No,Male,Graduation,LKO,iOs,Uttar Pradesh,Northern,26.839281,80.923133,95,165,758,545,213,498,198,7,75,120,350,148,45,20
923,26,Chennai,Working professional,No,Male,Graduation,MAA,Android,Tamil Nadu,Southern,13.084622,80.248357,120,120,0,0,560,0,200,20,100,80,0,500,40,20
925,30,Mumbai,Working professional,No,Female,Post graduation,BOM,iOs,Maharashtra,Western,18.987807,72.836447,30,50,840,390,450,760,678,105,10,20,360,400,30,20
926,29,Bengaluru,Working professional,No,Male,Post graduation,BLR,iOs,Karnataka,Southern,12.977063,77.587106,100,210,480,430,50,170,412,16,80,180,170,0,30,20
927,21,Ahmedabad,Student,Yes,Male,Graduation,AMD,Android,Gujarat,Western,23.025793,72.587265,80,141,605,480,125,384,600,125,60,120,300,84,21,20
928,24,Kolkata,Working professional,No,Male,Post graduation,Ccu,Android,West Bengal,Eastern,22.562627,88.363044,260,220,0,0,540,0,240,90,240,200,0,500,20,20
929,50,Kochi,Working professional,No,Male,High School,COK,Android,Kerala,Southern,9.947743,76.253802,40,50,360,260,100,270,157,0,20,30,210,60,20,20
930,29,Ahmedabad,Working professional,No,Male,Post graduation,AMD,iOs,Gujarat,Western,23.025793,72.587265,60,35,215,155,60,120,334,53,40,15,100,20,20,20
931,51,Chandigarh,Working professional,No,Female,Post graduation,IXC,Android,Chandigarh,Northern,30.736292,76.788398,139,90,0,860,197,828,129,119,119,79,662,166,11,20
932,45,Mumbai,Working professional,No,Male,Post graduation,BOM,iOs,Maharashtra,Western,18.987807,72.836447,30,30,165,90,75,105,25,5,10,20,60,45,10,20
933,47,Ahmedabad,Working professional,No,Male,Graduation,AMD,iOs,Gujarat,Western,23.025793,72.587265,20,0,260,120,140,240,145,2,0,0,120,120,0,20
934,36,Ahmedabad,Working professional,No,Male,Graduation,AMD,iOs,Gujarat,Western,23.025793,72.587265,20,0,280,200,80,260,113,2,0,0,200,60,0,20
936,25,Delhi,Working professional,No,Male,Post graduation,DEL,Android,Delhi,Northern,28.651952,77.231495,95,0,275,225,50,180,0,0,75,0,150,30,0,20
937,28,Mumbai,Working professional,No,Female,Post graduation,BOM,Android,Maharashtra,Western,18.987807,72.836447,50,45,155,120,35,60,0,0,30,45,45,15,0,20
938,22,Chennai,Working professional,Yes,Female,Graduation,MAA,Android,Tamil Nadu,Southern,13.084622,80.248357,65,0,0,0,459,320,0,170,46,840,240,80,360,19
939,20,Mumbai,Student,No,Male,Graduation,BOM,Android,Maharashtra,Western,18.987807,72.836447,73,0,0,0,520,893,364,10,54,812,670,223,278,19
940,21,Lucknow,Working professional,No,Male,Graduation,LKO,Android,Uttar Pradesh,Northern,26.839281,80.923133,66,636,0,0,688,0,491,38,47,439,868,472,197,19
941,25,Delhi,Working professional,No,Male,Graduation,DEL,iOs,Delhi,Northern,28.651952,77.231495,56,383,773,399,374,334,964,733,37,186,176,158,197,19
942,22,Delhi,Working professional,No,Female,Graduation,DEL,iOs,Delhi,Northern,28.651952,77.231495,45,160,0,0,255,0,0,169,26,0,0,76,160,19
944,23,Mumbai,Working professional,Yes,Female,Graduation,BOM,iOs,Maharashtra,Western,18.987807,72.836447,50,103,327,164,163,174,159,155,31,56,77,97,47,19
945,24,Patna,Sabbatical,No,Male,Graduation,PAT,Android,Bihar,Eastern,25.615379,85.101027,41,833,0,554,741,421,178,45,23,321,210,211,512,18
946,22,Mumbai,Student,Yes,Male,Post graduation,BOM,Android,Maharashtra,Western,18.987807,72.836447,144,931,0,0,759,0,456,108,126,717,0,527,214,18
948,23,Surat,Student,No,Male,Graduation,STV,Android,Gujarat,Western,21.195944,72.830232,78,270,0,0,438,0,918,23,60,210,900,360,60,18
949,35,Delhi,Working professional,No,Female,Post graduation,DEL,iOs,Delhi,Northern,28.651952,77.231495,47,303,0,0,145,826,285,17,29,274,728,98,29,18
950,44,Bengaluru,Working professional,No,Male,Post graduation,BLR,iOs,Karnataka,Southern,12.977063,77.587106,96,77,766,432,334,593,136,23,78,56,298,295,21,18
951,22,Indore,Working professional,No,Male,Graduation,Idr,Android,Madhya Pradesh,Central,22.717736,75.85859,57,0,195,137,58,138,0,150,39,0,98,40,0,18
953,27,Nagpur,Working professional,No,Male,Graduation,NAG,iOs,MAHARASHTRA,Western,21.1458004,79.0881546,68,0,0,0,443,221,211,11,51,921,179,42,384,17
954,24,Kochi,Sabbatical,Yes,Male,Post graduation,COK,Android,Kerala,Southern,9.947743,76.253802,60,766,0,0,492,967,0,255,43,399,859,108,367,17
955,36,Delhi,Working professional,Yes,Female,Post graduation,DEL,Android,Delhi,Northern,28.651952,77.231495,46,553,0,722,482,605,0,865,29,264,429,176,289,17
956,18,Mumbai,Student,No,Male,High School,BOM,Android,Maharashtra,Western,18.987807,72.836447,40,464,928,739,189,424,511,3,23,374,342,82,90,17
957,24,Delhi,Student,No,Female,Post graduation,DEL,iOs,Delhi,Northern,28.651952,77.231495,29,62,521,282,239,430,0,157,12,20,250,180,42,17
958,24,Bhubaneshwar,Working professional,No,Male,Graduation,BBI,iOs,Odisha,Eastern,20.272411,85.833853,88,241,806,644,162,477,423,91,71,208,365,112,33,17
959,27,Mumbai,Working professional,No,Male,Graduation,BOM,iOs,Maharashtra,Western,18.987807,72.836447,78,0,0,0,607,260,0,20,62,900,231,29,562,16
960,48,Bengaluru,Working professional,No,Female,Graduation,BLR,iOs,Karnataka,Southern,12.977063,77.587106,330,931,0,0,938,0,314,172,314,395,0,386,536,16
961,25,Surat,Working professional,No,Male,Graduation,STV,iOs,Gujarat,Western,21.195944,72.830232,42,680,0,0,686,0,0,261,26,470,0,460,210,16
962,23,Mumbai,Student,No,Female,Post graduation,BOM,iOs,Maharashtra,Western,18.987807,72.836447,72,624,0,0,400,0,497,84,56,486,0,246,138,16
963,34,Ahmedabad,Working professional,No,Male,Post graduation,AMD,iOs,Gujarat,Western,23.025793,72.587265,83,258,862,735,127,521,347,29,67,210,458,63,48,16
964,28,Bagdogra,Working professional,No,Male,Post graduation,IXB,iOs,West Bengal,Eastern,26.6986,88.3117,81,261,0,857,188,703,351,48,65,214,578,125,47,16
965,22,Ahmedabad,Student,No,Female,Graduation,AMD,iOs,Gujarat,Western,23.025793,72.587265,74,507,0,0,402,0,946,167,58,468,0,347,39,16
966,20,Jaipur,Student,No,Female,Graduation,JAI,Android,Rajasthan,Northern,26.913312,75.787872,45,0,0,0,711,357,857,152,30,0,259,98,598,15
967,25,Delhi,Working professional,No,Male,Post graduation,DEL,Android,Delhi,Northern,28.651952,77.231495,45,0,0,0,675,0,780,56,30,750,765,300,360,15
968,22,Chennai,Student,Yes,Female,Post graduation,MAA,Android,Tamil Nadu,Southern,13.084622,80.248357,55,0,0,0,655,0,920,170,40,840,0,360,280,15
969,21,Kolkata,Student,Yes,Female,Graduation,CCU,Android,West Bengal,Eastern,22.562627,88.363044,49,637,0,0,557,0,0,99,34,411,0,316,226,15
970,31,Delhi,Working professional,No,Male,Post graduation,DEL,iOs,Delhi,Northern,28.651952,77.231495,165,670,0,0,475,0,589,80,150,450,0,240,220,15
971,21,Kolkata,Student,No,Female,Post graduation,CCU,Android,West Bengal,Eastern,22.562627,88.363044,15,687,0,0,852,0,554,85,0,469,900,619,218,15
972,25,Delhi,Working professional,Yes,Female,Graduation,DEL,iOs,Delhi,Northern,28.651952,77.231495,65,0,0,0,417,882,0,678,50,0,695,187,215,15
973,27,Bengaluru,Working professional,Yes,Female,Graduation,BLR,iOs,Karnataka,Southern,12.977063,77.587106,47,673,0,0,530,0,340,78,32,481,808,323,192,15
974,24,Mumbai,Student,No,Male,Graduation,BOM,iOs,Maharashtra,Western,18.987807,72.836447,75,810,0,0,0,0,397,106,60,630,0,0,180,15
975,24,Mumbai,Working professional,No,Male,Graduation,BOM,iOs,Maharashtra,Western,18.987807,72.836447,45,540,0,840,695,950,588,34,30,360,450,500,180,15
976,22,Mumbai,Student,No,Female,Graduation,BOM,iOs,Maharashtra,Western,18.987807,72.836447,35,330,575,305,270,210,391,63,20,180,105,105,150,15
977,23,Ahmedabad,Student,Yes,Female,Post graduation,AMD,Android,Gujarat,Western,23.025793,72.587265,245,0,0,0,488,0,0,68,230,0,0,345,128,15
978,26,Bengaluru,Working professional,No,Female,Graduation,BLR,Android,Karnataka,Southern,12.977063,77.587106,43,147,425,197,228,235,143,53,28,54,115,120,93,15
979,22,Pune,Working professional,No,Female,Graduation,PNQ,Android,Maharashtra,Western,18.513271,73.849852,45,165,770,595,175,560,472,120,30,75,490,70,90,15
980,26,Bengaluru,Working professional,Yes,Male,Post graduation,BLR,iOs,Karnataka,Southern,12.977063,77.587106,55,586,0,848,165,372,435,16,40,496,312,60,90,15
981,26,Lucknow,Student,Yes,Male,Graduation,LKO,iOs,Uttar Pradesh,Northern,26.839281,80.923133,105,240,885,630,255,540,700,80,90,180,360,180,60,15
982,28,Delhi,Working professional,Yes,Female,Post graduation,DEL,iOs,Delhi,Northern,28.651952,77.231495,115,350,0,900,265,700,200,8,100,300,500,200,50,15
983,22,Bagdogra,Student,Yes,Female,Post graduation,IXB,iOs,West Bengal,Eastern,26.6986,88.3117,64,243,0,0,555,0,463,101,49,206,0,503,37,15
984,45,Chandigarh,Working professional,No,Male,Graduation,IXC,iOs,Chandigarh,Northern,30.736292,76.788398,65,70,0,0,225,0,56,0,50,60,0,200,10,15
985,24,Kolkata,Working professional,Yes,Female,Graduation,CCU,iOs,West Bengal,Eastern,22.562627,88.363044,35,40,0,850,175,950,150,58,20,30,800,150,10,15
986,42,Delhi,Working professional,No,Male,Graduation,DEL,Android,Delhi,Northern,28.651952,77.231495,85,0,265,215,50,180,0,0,70,0,145,35,0,15
987,25,Kolkata,Working professional,No,Male,Graduation,CCU,Android,West Bengal,Eastern,22.562627,88.363044,85,250,600,570,30,265,104,11,70,250,250,15,0,15
988,27,Delhi,Working professional,No,Female,Post graduation,DEL,Android,Delhi,Northern,28.651952,77.231495,249,0,0,888,977,390,279,127,235,466,187,203,760,14
989,21,Kolkata,Student,No,Female,High School,CCU,Android,West Bengal,Eastern,22.562627,88.363044,62,0,0,0,523,0,350,22,48,740,957,160,349,14
991,21,Delhi,Student,No,Female,Graduation,DEL,iOs,Delhi,Northern,28.651952,77.231495,79,678,0,0,515,0,651,128,65,452,0,275,226,14
992,18,Mumbai,Student,Yes,Female,Graduation,BOM,iOs,Maharashtra,Western,18.987807,72.836447,101,0,0,0,422,0,235,81,87,872,819,235,173,14
993,25,Lucknow,Working professional,No,Male,Graduation,LKO,Android,Uttar Pradesh,Northern,26.839281,80.923133,65,542,0,0,355,0,368,12,51,407,981,206,135,14
994,22,Delhi,Working professional,No,Male,Graduation,DEL,iOs,Delhi,Northern,28.651952,77.231495,238,966,0,0,102,277,452,110,224,896,259,18,70,14
995,23,Chennai,Working professional,No,Male,Graduation,MAA,iOs,Tamil Nadu,Southern,13.084622,80.248357,62,472,817,675,142,283,600,80,48,407,220,63,65,14
996,20,Bagdogra,Student,No,Male,High School,IXB,iOs,West Bengal,Eastern,26.6986,88.3117,118,413,0,0,148,656,523,86,104,357,578,78,56,14
997,25,Patna,Student,No,Male,Post graduation,pat,Android,Bihar,Eastern,25.615379,85.101027,34,0,534,447,87,500,78,22,20,0,427,73,0,14
998,23,Surat,Student,Yes,Male,Post graduation,STV,iOs,Gujarat,Western,21.195944,72.830232,32,720,0,0,973,0,0,212,19,480,0,720,240,13
999,23,Mumbai,Working professional,No,Female,Graduation,BOM,iOs,Maharashtra,Western,18.987807,72.836447,59,631,0,0,412,985,552,129,46,429,788,197,202,13
1000,40,Indore,Sabbatical,No,Female,Graduation,IDR,Android,Madhya Pradesh,Central,22.717736,75.85859,0,0,650,500,150,650,0,0,0,0,500,150,0,0
1001,24,Patna,Sabbatical,No,Female,Graduation,PAT,Android,Bihar,Eastern,25.615379,85.101027,24,562,0,749,340,503,173,36,24,378,347,156,184,0
1002,51,Kolkata,Sabbatical,No,Female,Graduation,CCU,Android,West Bengal,Eastern,22.562627,88.363044,0,0,796,683,113,796,0,0,0,0,683,113,0,0
1003,21,Delhi,Sabbatical,No,Female,Graduation,DEL,Android,Delhi,Northern,28.651952,77.231495,29,502,0,0,231,0,0,26,22,376,0,98,126,7
1004,22,Delhi,Sabbatical,No,Female,Graduation,DEL,Android,Delhi,Northern,28.651952,77.231495,0,270,900,600,300,630,678,156,0,150,450,180,120,0
1005,23,Delhi,Sabbatical,No,Female,Graduation,DEL,Android,Delhi,Northern,28.651952,77.231495,0,480,0,0,540,0,245,55,0,420,0,480,60,0
1006,24,Delhi,Sabbatical,No,Female,Graduation,DEL,Android,Delhi,Northern,28.651952,77.231495,0,0,0,0,609,0,424,200,0,0,994,229,380,0
1007,46,Delhi,Sabbatical,No,Female,Graduation,DEL,Android,Delhi,Northern,28.651952,77.231495,31,161,579,468,111,387,56,0,21,126,321,66,35,10
1008,48,DehraDun,Sabbatical,No,Female,Graduation,DED,Android,Uttarakhand,Northern,30.324427,78.033922,0,0,730,600,130,730,0,0,0,0,600,130,0,0
1009,36,Bengaluru,Sabbatical,No,Female,Graduation,BLR,Android,Karnataka,Southern,12.977063,77.587106,0,0,0,349,673,0,0,0,0,0,349,673,0,0
1011,26,Hyderabad,Sabbatical,No,Female,Graduation,HYD,Android,Telangana,Southern,17.384052,78.456355,0,800,880,660,220,80,232,25,0,600,60,20,200,0
1012,45,Hyderabad,Sabbatical,No,Female,Graduation,Hyd,Android,Telangana,Southern,17.384052,78.456355,0,0,540,420,120,540,0,0,0,0,420,120,0,0
1013,43,Ahmedabad,Sabbatical,No,Female,Graduation,AMD,Android,Gujarat,Western,23.025793,72.587265,0,0,840,600,240,840,0,0,0,0,600,240,0,0
1015,26,Surat,Sabbatical,No,Female,Graduation,STV,Android,Gujarat,Western,21.195944,72.830232,23,660,0,0,979,0,395,24,14,430,0,740,230,9
1016,47,Surat,Sabbatical,No,Female,Graduation,STV,Android,Gujarat,Western,21.195944,72.830232,35,269,0,0,407,0,122,43,30,179,0,312,90,5
1017,48,Nagpur,Sabbatical,No,Female,Graduation,NAG,Android,MAHARASHTRA,Western,21.1458004,79.0881546,0,355,645,480,165,290,120,0,0,280,200,90,75,0
1019,20,Mumbai,Sabbatical,No,Female,Graduation,BOM,Android,Maharashtra,Western,18.987807,72.836447,0,684,0,0,332,756,0,154,0,534,574,182,150,0
1020,23,Mumbai,Sabbatical,No,Female,Graduation,BOM,Android,Maharashtra,Western,18.987807,72.836447,0,140,578,430,148,438,200,8,0,100,330,108,40,0
1021,23,Mumbai,Sabbatical,No,Female,Graduation,BOM,Android,Maharashtra,Western,18.987807,72.836447,900,0,0,0,920,0,729,71,900,0,0,650,270,0
1022,67,Mumbai,Sabbatical,No,Female,Graduation,BOM,Android,Maharashtra,Western,18.987807,72.836447,30,0,110,80,30,80,0,0,30,0,50,30,0,0
1026,21,Indore,Student,No,Female,Graduation,IDR,Android,Madhya Pradesh,Central,22.717736,75.85859,0,0,0,0,432,0,0,0,0,0,0,432,0,0
1027,21,Indore,Student,No,Female,Graduation,IDR,Android,Madhya Pradesh,Central,22.717736,75.85859,0,240,660,450,210,420,527,44,0,150,300,120,90,0
1028,22,Indore,Student,No,Female,Graduation,IDR,Android,Madhya Pradesh,Central,22.717736,75.85859,0,660,0,0,300,0,410,100,0,540,827,180,120,0
1029,22,Ranchi,Student,No,Female,Graduation,IXR,Android,Jharkhand,Eastern,23.347768,85.338564,216,900,0,0,466,860,254,23,140,700,670,190,200,76
1030,23,Bhubaneshwar,Student,No,Female,Graduation,BBI,Android,Odisha,Eastern,20.272411,85.833853,0,73,269,122,147,196,478,219,0,27,95,101,46,0
1031,19,Kolkata,Student,No,Female,Graduation,CCU,Android,West Bengal,Eastern,22.562627,88.363044,0,255,755,600,155,500,200,10,0,200,400,100,55,0
1032,20,Kolkata,Student,No,Female,Graduation,CCU,Android,West Bengal,Eastern,22.562627,88.363044,10,0,0,0,759,0,395,99,10,783,969,302,457,0
1033,22,Kolkata,Student,No,Female,Graduation,CCU,Android,West Bengal,Eastern,22.562627,88.363044,0,0,0,0,0,0,175,1,0,500,600,650,600,0
1034,23,Kolkata,Student,No,Female,Graduation,CCU,Android,West Bengal,Eastern,22.562627,88.363044,0,900,0,0,0,0,186,10,0,450,800,700,450,0
1035,23,Kolkata,Student,No,Female,Graduation,ccu,Android,West Bengal,Eastern,22.562627,88.363044,17,310,0,0,242,0,253,105,15,250,840,180,60,2
1036,25,Kolkata,Student,No,Female,Graduation,CCU,Android,West Bengal,Eastern,22.562627,88.363044,0,420,0,0,0,0,295,6,0,180,0,0,240,0
1037,21,Chandigarh,Student,No,Female,Graduation,IXC,Android,Chandigarh,Northern,30.736292,76.788398,2,720,0,0,578,0,987,32,2,483,934,341,237,0
1038,21,Delhi,Student,No,Female,Graduation,DEL,Android,Delhi,Northern,28.651952,77.231495,0,810,0,0,360,810,208,136,0,630,630,180,180,0
1039,21,Delhi,Student,No,Female,Graduation,DEL,Android,Delhi,Northern,28.651952,77.231495,0,315,0,0,490,0,471,172,0,245,0,420,70,0
1040,21,Delhi,Student,No,Female,Graduation,DEL,Android,Delhi,Northern,28.651952,77.231495,5,350,775,625,150,420,238,25,5,290,330,90,60,0
1041,21,Delhi,Student,No,Female,Graduation,DEL,Android,Delhi,Northern,28.651952,77.231495,7,22,47,27,20,18,252,75,5,12,10,8,10,2
1042,22,Delhi,Student,No,Female,Graduation,DEL,Android,Delhi,Northern,28.651952,77.231495,5,200,0,0,0,0,334,31,5,140,0,0,60,0
1043,22,Delhi,Student,No,Female,Graduation,DEL,Android,Delhi,Northern,28.651952,77.231495,67,501,0,0,644,0,390,191,54,346,0,476,155,13
1044,23,Delhi,Student,No,Female,Graduation,DEL,Android,Delhi,Northern,28.651952,77.231495,0,300,780,600,180,480,150,10,0,240,360,120,60,0
1045,23,Delhi,Student,No,Female,Graduation,DEL,Android,Delhi,Northern,28.651952,77.231495,0,190,0,0,0,0,443,53,0,100,0,0,90,0
1046,23,Delhi,Student,No,Female,Graduation,DEL,Android,Delhi,Northern,28.651952,77.231495,0,180,0,0,520,0,425,105,0,140,0,480,40,0
1047,24,Delhi,Student,No,Female,Graduation,DEL,Android,Delhi,Northern,28.651952,77.231495,0,300,0,810,300,810,0,0,0,0,810,0,300,0
1048,32,Delhi,Student,No,Female,Graduation,DEL,Android,Delhi,Northern,28.651952,77.231495,210,450,0,0,160,900,376,12,200,400,800,100,50,10
1049,21,Jaipur,Student,No,Female,Graduation,JAI,Android,Rajasthan,Northern,26.913312,75.787872,5,400,855,705,150,450,238,25,5,340,360,90,60,0
1050,18,Udaipur,Student,No,Female,Graduation,UDR,Android,Rajasthan,Northern,24.57951,73.690508,12,159,0,0,320,0,987,96,12,63,0,224,96,0
1051,22,Udaipur,Student,No,Female,Graduation,UDR,Android,Rajasthan,Northern,24.57951,73.690508,25,120,185,95,90,40,185,0,15,60,20,20,60,10
1052,20,Lucknow,Student,No,Female,Graduation,LKO,Android,Uttar Pradesh,Northern,26.839281,80.923133,20,0,620,440,180,600,600,12,20,0,420,180,0,0
1053,22,DehraDun,Student,No,Female,Graduation,DED,Android,Uttarakhand,Northern,30.324427,78.033922,0,0,0,0,0,0,459,12,0,0,0,0,0,0
1054,22,DehraDun,Student,No,Female,Graduation,DED,Android,Uttarakhand,Northern,30.324427,78.033922,251,810,0,0,386,694,371,82,175,654,540,154,156,76
1056,23,Chennai,Student,No,Female,Graduation,MAA,Android,Tamil Nadu,Southern,13.084622,80.248357,0,540,0,0,535,0,825,92,0,300,0,295,240,0
1057,19,Hyderabad,Student,No,Female,Graduation,Hyd,Android,Telangana,Southern,17.384052,78.456355,420,0,0,0,360,0,116,2,420,840,840,180,180,0
1058,20,Ahmedabad,Student,No,Female,Graduation,AMD,Android,Gujarat,Western,23.025793,72.587265,0,0,750,600,150,750,0,0,0,0,600,150,0,0
1059,21,Ahmedabad,Student,No,Female,Graduation,AMD,Android,Gujarat,Western,23.025793,72.587265,0,0,0,0,600,0,397,38,0,0,900,250,350,0
1060,22,Ahmedabad,Student,No,Female,Graduation,AMD,Android,Gujarat,Western,23.025793,72.587265,25,0,0,0,785,0,900,30,20,920,840,300,480,5
1061,20,Mumbai,Student,No,Female,Graduation,BOM,Android,Maharashtra,Western,18.987807,72.836447,0,769,0,0,509,932,0,150,0,516,676,256,253,0
1062,21,Mumbai,Student,No,Female,Graduation,BOM,Android,Maharashtra,Western,18.987807,72.836447,0,720,0,972,818,0,317,38,0,340,632,438,380,0
1063,21,Mumbai,Student,No,Female,Graduation,BOM,Android,Maharashtra,Western,18.987807,72.836447,0,150,0,0,378,0,612,61,0,112,946,340,38,0
1064,21,Mumbai,Student,No,Female,Graduation,BOM,Android,Maharashtra,Western,18.987807,72.836447,120,0,0,0,180,0,50,1,120,0,0,120,60,0
1065,22,Mumbai,Student,No,Female,Graduation,BOM,Android,Maharashtra,Western,18.987807,72.836447,0,179,535,253,282,356,515,68,0,86,167,189,93,0
1066,24,Mumbai,Student,No,Female,Graduation,BOM,Android,Maharashtra,Western,18.987807,72.836447,0,106,273,124,149,167,296,70,0,52,72,95,54,0
1067,24,Mumbai,Student,No,Female,Graduation,BOM,Android,Maharashtra,Western,18.987807,72.836447,52,0,0,0,845,788,845,96,52,963,532,256,589,0
1068,22,Indore,Working professional,No,Female,Graduation,IDR,Android,Madhya Pradesh,Central,22.717736,75.85859,0,420,780,300,480,360,679,57,0,180,120,240,240,0
1069,38,Indore,Working professional,No,Female,Graduation,IDR,Android,Madhya Pradesh,Central,22.717736,75.85859,0,0,418,418,0,418,0,0,0,0,418,0,0,0
1070,21,Kolkata,Working professional,No,Female,Graduation,CCU,Android,West Bengal,Eastern,22.562627,88.363044,30,0,0,0,560,455,440,0,30,750,375,80,480,0
1071,24,Kolkata,Working professional,No,Female,Graduation,CCU,Android,West Bengal,Eastern,22.562627,88.363044,0,17,47,30,17,30,308,244,0,10,20,10,7,0
1072,25,Kolkata,Working professional,No,Female,Graduation,CCU,Android,West Bengal,Eastern,22.562627,88.363044,2,18,51,35,16,31,444,200,2,11,22,9,7,0
1073,22,Delhi,Working professional,No,Female,Graduation,DEL,Android,Delhi,Northern,28.651952,77.231495,5,340,645,445,200,300,291,45,5,230,210,90,110,0
1074,23,Delhi,Working professional,No,Female,Graduation,DEL,Android,Delhi,Northern,28.651952,77.231495,40,387,0,939,380,892,238,31,28,294,617,275,93,12
1075,24,Delhi,Working professional,No,Female,Graduation,DEL,Android,Delhi,Northern,28.651952,77.231495,0,934,0,0,243,509,557,130,0,800,400,109,134,0
1076,24,Delhi,Working professional,No,Female,Graduation,DEL,Android,Delhi,Northern,28.651952,77.231495,0,175,377,377,0,202,543,200,0,175,202,0,0,0
1077,24,Delhi,Working professional,No,Female,Graduation,DEL,Android,Delhi,Northern,28.651952,77.231495,90,550,0,740,450,550,469,28,90,300,350,200,250,0
1078,26,Delhi,Working professional,No,Female,Graduation,DEL,Android,Delhi,Northern,28.651952,77.231495,0,0,340,260,80,340,600,40,0,0,260,80,0,0
1079,26,Delhi,Working professional,No,Female,Graduation,DEL,Android,Delhi,Northern,28.651952,77.231495,0,590,0,797,310,517,276,300,0,421,376,141,169,0
1080,28,Delhi,Working professional,No,Female,Graduation,DEL,Android,Delhi,Northern,28.651952,77.231495,130,630,0,910,450,600,823,181,120,430,360,240,200,10
1081,35,Delhi,Working professional,No,Female,Graduation,DEL,Android,Delhi,Northern,28.651952,77.231495,0,0,94,78,16,94,0,0,0,0,78,16,0,0
1084,21,Bengaluru,Working professional,No,Female,Graduation,BLR,Android,Karnataka,Southern,12.977063,77.587106,0,630,0,0,870,0,247,34,0,480,0,720,150,0
1085,24,Bengaluru,Working professional,No,Female,Graduation,BLR,Android,Karnataka,Southern,12.977063,77.587106,0,237,501,413,88,264,211,11,0,196,217,47,41,0
1086,24,Bengaluru,Working professional,No,Female,Graduation,BLR,Android,Karnataka,Southern,12.977063,77.587106,10,0,0,0,630,570,211,78,10,0,330,240,390,0
1087,24,Bengaluru,Working professional,No,Female,Graduation,BLR,Android,Karnataka,Southern,12.977063,77.587106,75,244,0,0,785,0,861,420,75,161,0,702,83,0
1088,25,Bengaluru,Working professional,No,Female,Graduation,BLR,Android,Karnataka,Southern,12.977063,77.587106,15,925,0,0,0,0,91,16,10,425,625,700,500,5
1089,22,Chennai,Working professional,No,Female,Graduation,MAA,Android,Tamil Nadu,Southern,13.084622,80.248357,0,901,0,0,394,828,821,77,0,740,595,233,161,0
1090,22,Hyderabad,Working professional,No,Female,Graduation,HYD,Android,Telangana,Southern,17.384052,78.456355,0,600,0,0,480,0,548,116,0,420,840,300,180,0
1091,27,Hyderabad,Working professional,No,Female,Graduation,HYD,Android,Telangana,Southern,17.384052,78.456355,0,629,0,888,640,899,457,39,0,345,543,356,284,0
1092,21,Ahmedabad,Working professional,No,Female,Graduation,AMD,Android,Gujarat,Western,23.025793,72.587265,0,360,880,640,240,520,200,7,0,240,400,120,120,0
1093,22,Baroda,Working professional,No,Female,Graduation,BDQ,Android,Gujarat,Western,22.3072,73.1812,0,247,450,332,118,203,13,434,0,178,154,49,69,0
1095,24,Mumbai,Working professional,No,Female,Graduation,BOM,Android,Maharashtra,Western,18.987807,72.836447,20,700,0,410,610,300,560,70,10,200,200,100,500,10
1096,25,Mumbai,Working professional,No,Female,Graduation,BOM,Android,Maharashtra,Western,18.987807,72.836447,0,10,370,250,120,360,118,7,0,0,250,110,10,0
1097,25,Mumbai,Working professional,No,Female,Graduation,BOM,Android,Maharashtra,Western,18.987807,72.836447,0,180,840,180,660,660,226,200,0,60,120,540,120,0
1098,25,Mumbai,Working professional,No,Female,Graduation,BOM,Android,Maharashtra,Western,18.987807,72.836447,0,180,840,180,660,660,226,200,0,60,120,540,120,0
1099,38,Mumbai,Working professional,No,Female,Graduation,BOM,Android,Maharashtra,Western,18.987807,72.836447,0,97,0,876,319,0,96,64,0,32,844,254,65,0
1100,47,Mumbai,Working professional,No,Female,Graduation,BOM,Android,Maharashtra,Western,18.987807,72.836447,45,74,800,654,146,681,130,7,35,54,565,116,20,10
1101,23,Pune,Working professional,No,Female,Graduation,PNQ,Android,Maharashtra,Western,18.513271,73.849852,0,221,399,185,214,178,368,172,0,98,87,91,123,0
1102,25,Pune,Working professional,No,Female,Graduation,PNQ,Android,Maharashtra,Western,18.513271,73.849852,0,240,580,510,70,340,480,113,0,210,300,40,30,0
1103,25,Pune,Working professional,No,Female,Graduation,PNQ,Android,Maharashtra,Western,18.513271,73.849852,60,744,946,872,74,142,322,78,60,684,128,14,60,0
1104,45,Pune,Working professional,No,Female,Graduation,PNQ,Android,Maharashtra,Western,18.513271,73.849852,0,0,0,800,300,0,0,0,0,0,800,300,0,0
1105,22,Kolkata,Sabbatical,Yes,Female,Graduation,CCU,Android,West Bengal,Eastern,22.562627,88.363044,110,750,0,0,360,600,450,35,100,500,500,100,250,10
1106,23,Delhi,Sabbatical,Yes,Female,Graduation,DEL,Android,Delhi,Northern,28.651952,77.231495,0,0,0,0,877,0,264,147,0,652,752,421,456,0
1107,23,Bengaluru,Sabbatical,Yes,Female,Graduation,BLR,Android,Karnataka,Southern,12.977063,77.587106,135,0,0,0,709,563,945,123,135,0,398,165,544,0
1108,26,Mumbai,Sabbatical,Yes,Female,Graduation,BOM,Android,Maharashtra,Western,18.987807,72.836447,3,7,33,20,13,23,0,87,2,3,15,8,4,1
1109,21,Ranchi,Student,Yes,Female,Graduation,IXR,Android,Jharkhand,Eastern,23.347768,85.338564,70,0,0,0,460,900,0,120,60,840,700,200,250,10
1110,23,Bhubaneshwar,Student,Yes,Female,Graduation,BBI,Android,Odisha,Eastern,20.272411,85.833853,0,114,237,110,127,123,0,279,0,60,50,73,54,0
1111,22,Kolkata,Student,Yes,Female,Graduation,CCU,Android,West Bengal,Eastern,22.562627,88.363044,0,0,0,0,971,0,737,366,0,742,0,475,496,0
1112,22,Delhi,Student,Yes,Female,Graduation,DEL,Android,Delhi,Northern,28.651952,77.231495,0,560,0,0,532,0,738,276,0,377,808,349,183,0
1113,23,Delhi,Student,Yes,Female,Graduation,DEL,Android,Delhi,Northern,28.651952,77.231495,200,0,0,0,0,0,0,0,200,0,780,600,0,0
1116,21,Ahmedabad,Student,Yes,Female,Graduation,AMD,Android,Gujarat,Western,23.025793,72.587265,0,0,0,0,0,800,750,27,0,840,400,400,840,0
1117,21,Ahmedabad,Student,Yes,Female,Graduation,AMD,Android,Gujarat,Western,23.025793,72.587265,0,0,0,0,0,0,0,152,0,0,0,600,960,0
1118,23,Nagpur,Student,Yes,Female,Graduation,NAG,Android,MAHARASHTRA,Western,21.1458004,79.0881546,0,420,0,0,570,0,515,30,0,170,880,320,250,0
1119,19,Mumbai,Student,Yes,Female,Graduation,BOM,Android,Maharashtra,Western,18.987807,72.836447,0,0,0,0,760,0,0,37,0,0,900,360,400,0
1120,20,Mumbai,Student,Yes,Female,Graduation,BOM,Android,Maharashtra,Western,18.987807,72.836447,0,700,0,0,714,0,0,74,0,423,0,437,277,0
1121,21,Mumbai,Student,Yes,Female,Graduation,BOM,Android,Maharashtra,Western,18.987807,72.836447,12,540,0,670,362,480,208,8,10,360,300,180,180,2
1122,25,Mumbai,Student,Yes,Female,Graduation,BOM,Android,Maharashtra,Western,18.987807,72.836447,0,524,0,0,368,890,0,317,0,437,609,281,87,0
1123,22,Indore,Working professional,Yes,Female,Graduation,IDR,Android,Madhya Pradesh,Central,22.717736,75.85859,0,0,0,0,0,0,450,58,0,500,600,0,700,0
1124,23,Bhubaneshwar,Working professional,Yes,Female,Graduation,BBI,Android,Odisha,Eastern,20.272411,85.833853,0,588,822,399,423,234,0,888,0,267,132,102,321,0
1125,25,Kolkata,Working professional,Yes,Female,Graduation,CCU,Android,West Bengal,Eastern,22.562627,88.363044,45,540,0,0,730,0,554,380,35,420,0,600,120,10
1126,23,Delhi,Working professional,Yes,Female,Graduation,DEL,Android,Delhi,Northern,28.651952,77.231495,0,0,0,0,745,0,340,109,0,923,880,550,195,0
1127,23,Delhi,Working professional,Yes,Female,Graduation,DEL,Android,Delhi,Northern,28.651952,77.231495,15,581,0,0,531,0,818,217,13,414,929,362,167,2
1128,24,Vishakhapatnam,Working professional,Yes,Female,Graduation,VTZ,Android,Andhra Pradesh,Southern,17.704052,83.297663,35,0,0,0,800,850,487,28,25,0,600,250,540,10
1129,25,Vishakhapatnam,Working professional,Yes,Female,Graduation,VTZ,Android,Andhra Pradesh,Southern,17.704052,83.297663,60,0,0,0,0,0,745,135,50,0,0,500,500,10
1130,24,Bengaluru,Working professional,Yes,Female,Graduation,BLR,Android,Karnataka,Southern,12.977063,77.587106,0,460,838,700,138,378,800,80,0,400,300,78,60,0
1131,23,Kolkata,Sabbatical,No,Female,Graduation,CCU,iOs,West Bengal,Eastern,22.562627,88.363044,0,753,0,0,495,799,657,85,0,487,570,229,266,0
1132,23,Mumbai,Sabbatical,No,Female,Graduation,BOM,iOs,Maharashtra,Western,18.987807,72.836447,0,0,0,0,0,0,0,0,0,0,0,0,0,0
1133,24,Ranchi,Student,No,Female,Graduation,IXR,iOs,Jharkhand,Eastern,23.347768,85.338564,0,0,0,0,720,0,0,477,0,800,0,420,300,0
1134,18,Kolkata,Student,No,Female,Graduation,CCU,iOs,West Bengal,Eastern,22.562627,88.363044,13,905,0,0,415,667,372,74,13,714,443,224,191,0
1135,20,Kolkata,Student,No,Female,Graduation,CCU,iOs,West Bengal,Eastern,22.562627,88.363044,0,600,0,700,300,400,700,28,0,400,300,100,200,0
1136,24,Kolkata,Student,No,Female,Graduation,CCU,iOs,West Bengal,Eastern,22.562627,88.363044,60,150,0,0,510,0,120,6,60,120,0,480,30,0
1137,22,Chandigarh,Student,No,Female,Graduation,IXC,iOs,Chandigarh,Northern,30.736292,76.788398,25,502,0,0,581,0,421,16,25,400,950,479,102,0
1138,25,Delhi,Student,No,Female,Graduation,DEL,iOs,Delhi,Northern,28.651952,77.231495,5,0,0,0,400,250,690,458,5,0,150,100,300,0
1139,25,Delhi,Student,No,Female,Graduation,DEL,iOs,Delhi,Northern,28.651952,77.231495,30,158,726,496,230,538,655,901,30,78,388,150,80,0
1140,23,Lucknow,Student,No,Female,Graduation,LKO,iOs,Uttar Pradesh,Northern,26.839281,80.923133,0,525,0,0,354,996,491,48,0,410,757,239,115,0
1141,25,Ahmedabad,Student,No,Female,Graduation,AMD,iOs,Gujarat,Western,23.025793,72.587265,30,20,650,330,320,600,86,0,20,10,300,300,10,10
1142,21,Mumbai,Student,No,Female,Graduation,BOM,iOs,Maharashtra,Western,18.987807,72.836447,0,828,0,0,620,0,945,114,0,520,723,312,308,0
1143,21,Mumbai,Student,No,Female,Graduation,BOM,iOs,Maharashtra,Western,18.987807,72.836447,53,0,0,0,552,644,890,27,53,657,459,185,367,0
1144,21,Mumbai,Student,No,Female,Graduation,BOM,iOs,Maharashtra,Western,18.987807,72.836447,40,205,719,601,118,474,398,23,28,167,406,68,38,12
1145,22,Mumbai,Student,No,Female,Graduation,BOM,iOs,Maharashtra,Western,18.987807,72.836447,78,0,0,0,548,356,412,49,78,0,281,75,473,0
1146,23,Pune,Student,No,Female,Graduation,PNQ,iOs,Maharashtra,Western,18.513271,73.849852,0,856,0,0,568,812,478,259,0,400,700,112,456,0
1147,23,Kolkata,Working professional,No,Female,Graduation,CCU,iOs,West Bengal,Eastern,22.562627,88.363044,37,52,318,245,73,229,364,43,33,41,171,58,11,4
1148,27,Kolkata,Working professional,No,Female,Graduation,CCU,iOs,West Bengal,Eastern,22.562627,88.363044,0,395,0,0,531,0,325,25,0,289,896,425,106,0
1149,26,Chandigarh,Working professional,No,Female,Graduation,IXC,iOs,Chandigarh,Northern,30.736292,76.788398,15,0,0,0,380,580,0,512,15,0,502,78,302,0
1150,23,Delhi,Working professional,No,Female,Graduation,DEL,iOs,Delhi,Northern,28.651952,77.231495,0,536,0,776,289,529,560,70,0,407,369,160,129,0
1151,23,Delhi,Working professional,No,Female,Graduation,DEL,iOs,Delhi,Northern,28.651952,77.231495,0,0,0,0,420,420,0,226,0,960,300,120,300,0
1152,23,Delhi,Working professional,No,Female,Graduation,DEL,iOs,Delhi,Northern,28.651952,77.231495,24,372,909,765,144,513,130,7,18,345,402,111,27,6
1153,24,Delhi,Working professional,No,Female,Graduation,DEL,iOs,Delhi,Northern,28.651952,77.231495,0,0,0,0,430,540,0,847,0,0,500,40,390,0
1154,24,Delhi,Working professional,No,Female,Graduation,DEL,iOs,Delhi,Northern,28.651952,77.231495,30,170,0,0,682,0,450,35,18,170,900,670,0,12
1156,22,DehraDun,Working professional,No,Female,Graduation,DED,iOs,Uttarakhand,Northern,30.324427,78.033922,210,0,0,0,700,750,0,250,200,0,600,150,540,10
1158,25,Hyderabad,Working professional,No,Female,Graduation,HYD,iOs,Telangana,Southern,17.384052,78.456355,0,480,645,540,105,165,0,130,0,420,120,45,60,0
1159,39,Hyderabad,Working professional,No,Female,Graduation,HYD,iOs,Telangana,Southern,17.384052,78.456355,0,573,0,899,345,671,410,58,0,404,495,176,169,0
1160,40,Surat,Working professional,No,Female,Graduation,STV,iOs,Gujarat,Western,21.195944,72.830232,25,400,905,565,340,480,900,0,15,250,300,180,150,10
1161,22,Mumbai,Working professional,No,Female,Graduation,BOM,iOs,Maharashtra,Western,18.987807,72.836447,0,191,315,156,159,124,0,426,0,91,65,59,100,0
1162,23,Mumbai,Working professional,No,Female,Graduation,BOM,iOs,Maharashtra,Western,18.987807,72.836447,0,191,481,265,216,290,0,0,0,126,139,151,65,0
1163,21,Surat,Sabbatical,Yes,Female,Graduation,STV,iOs,Gujarat,Western,21.195944,72.830232,0,969,0,0,402,449,453,1,0,693,323,126,276,0
1164,23,Kolkata,Student,Yes,Female,Graduation,CCU,iOs,West Bengal,Eastern,22.562627,88.363044,0,0,0,0,614,938,0,375,0,973,682,256,358,0
1165,19,Jaipur,Student,Yes,Female,Graduation,JAI,iOs,Rajasthan,Northern,26.913312,75.787872,0,0,0,0,828,194,341,29,0,0,107,87,741,0
1166,20,Mumbai,Student,Yes,Female,Graduation,BOM,iOs,Maharashtra,Western,18.987807,72.836447,0,744,0,0,698,0,788,95,0,461,0,415,283,0
1167,21,Mumbai,Student,Yes,Female,Graduation,BOM,iOs,Maharashtra,Western,18.987807,72.836447,0,0,0,0,480,420,400,20,0,900,300,120,360,0
1168,21,Mumbai,Student,Yes,Female,Graduation,BOM,iOs,Maharashtra,Western,18.987807,72.836447,0,840,0,0,390,670,640,86,0,660,460,210,180,0
1169,22,Mumbai,Student,Yes,Female,Graduation,BOM,iOs,Maharashtra,Western,18.987807,72.836447,0,809,0,0,800,0,0,49,0,545,0,536,264,0
1170,22,Mumbai,Student,Yes,Female,Graduation,BOM,iOs,Maharashtra,Western,18.987807,72.836447,93,0,0,0,149,0,502,252,90,0,0,83,63,3
1171,23,Kolkata,Working professional,Yes,Female,Graduation,CCU,iOs,West Bengal,Eastern,22.562627,88.363044,1,730,0,0,476,0,0,820,1,533,754,279,197,0
1172,22,Delhi,Working professional,Yes,Female,Graduation,DEL,iOs,Delhi,Northern,28.651952,77.231495,30,0,0,0,910,340,890,169,20,0,240,100,800,10
1173,24,Delhi,Working professional,Yes,Female,Graduation,DEL,iOs,Delhi,Northern,28.651952,77.231495,0,480,0,861,271,652,929,208,0,383,478,174,97,0
1174,22,Bengaluru,Working professional,Yes,Female,Graduation,BLR,iOs,Karnataka,Southern,12.977063,77.587106,0,100,268,78,190,168,103,85,0,30,48,120,70,0
1175,24,Bengaluru,Working professional,Yes,Female,Graduation,BLR,iOs,Karnataka,Southern,12.977063,77.587106,332,0,0,0,879,0,467,84,332,0,705,314,565,0
1176,25,Hyderabad,Working professional,Yes,Female,Graduation,HYD,iOs,Telangana,Southern,17.384052,78.456355,0,270,0,450,820,0,0,40,0,150,300,700,120,0
1177,25,Hyderabad,Working professional,Yes,Female,Graduation,HYD,iOs,Telangana,Southern,17.384052,78.456355,0,0,0,0,900,0,938,120,0,0,800,300,600,0
1178,25,Surat,Working professional,Yes,Female,Graduation,STV,iOs,Gujarat,Western,21.195944,72.830232,30,322,0,0,167,942,0,528,27,260,840,102,62,3
1179,22,Mumbai,Working professional,Yes,Female,Graduation,BOM,iOs,Maharashtra,Western,18.987807,72.836447,0,0,0,887,421,280,875,321,0,674,213,67,354,0
1180,18,Indore,Sabbatical,No,Female,High School,IDR,Android,Madhya Pradesh,Central,22.717736,75.85859,0,0,0,0,300,562,274,19,0,785,505,57,243,0
1181,18,Indore,Sabbatical,No,Female,High School,IDR,Android,Madhya Pradesh,Central,22.717736,75.85859,12,451,0,821,368,726,560,75,0,365,456,270,86,12
1182,48,Kolkata,Sabbatical,No,Female,High School,CCU,Android,West Bengal,Eastern,22.562627,88.363044,0,0,603,283,320,603,0,0,0,0,283,320,0,0
1183,17,Vishakhapatnam,Sabbatical,No,Female,High School,VTZ,Android,Andhra Pradesh,Southern,17.704052,83.297663,0,0,0,0,280,0,278,4,0,0,0,280,0,0
1184,47,Mumbai,Sabbatical,No,Female,High School,BOM,Android,Maharashtra,Western,18.987807,72.836447,0,0,469,350,119,469,0,0,0,0,350,119,0,0
1185,15,Indore,Student,No,Female,High School,IDR,Android,Madhya Pradesh,Central,22.717736,75.85859,0,135,0,992,163,0,17,1,0,100,892,128,35,0
1186,18,Ranchi,Student,No,Female,High School,IXR,Android,Jharkhand,Eastern,23.347768,85.338564,5,115,620,360,260,500,1,2,0,60,300,200,55,5
1187,17,Kolkata,Student,No,Female,High School,CCU,Android,West Bengal,Eastern,22.562627,88.363044,0,388,0,861,293,766,959,11,0,273,588,178,115,0
1188,19,Kolkata,Student,No,Female,High School,CCU,Android,West Bengal,Eastern,22.562627,88.363044,10,0,0,0,600,0,247,34,10,840,0,360,240,0
1189,17,Delhi,Student,No,Female,High School,DEL,Android,Delhi,Northern,28.651952,77.231495,0,0,480,300,180,480,0,0,0,0,300,180,0,0
1190,17,Delhi,Student,No,Female,High School,DEL,Android,Delhi,Northern,28.651952,77.231495,0,138,471,321,150,333,151,24,0,69,252,81,69,0
1191,18,Delhi,Student,No,Female,High School,DEL,Android,Delhi,Northern,28.651952,77.231495,5,121,651,378,273,525,1,2,0,63,315,210,58,5
1192,19,Delhi,Student,No,Female,High School,DEL,Android,Delhi,Northern,28.651952,77.231495,0,120,300,150,150,180,827,212,0,30,120,60,90,0
1193,20,Udaipur,Student,No,Female,High School,UDR,Android,Rajasthan,Northern,24.57951,73.690508,0,0,228,180,48,228,0,0,0,0,180,48,0,0
1195,15,Bengaluru,Student,No,Female,High School,BLR,Android,Karnataka,Southern,12.977063,77.587106,0,0,70,60,10,70,0,0,0,0,60,10,0,0
1196,17,Kochi,Student,No,Female,High School,COK,Android,Kerala,Southern,9.947743,76.253802,0,0,0,0,0,0,258,4,0,0,0,600,900,0
1197,20,Chennai,Student,No,Female,High School,MAA,Android,Tamil Nadu,Southern,13.084622,80.248357,0,860,0,0,280,480,800,74,0,700,360,120,160,0
1198,18,Hyderabad,Student,No,Female,High School,HYD,Android,Telangana,Southern,17.384052,78.456355,0,0,0,0,641,0,50,0,0,978,0,375,266,0
1199,18,Hyderabad,Student,No,Female,High School,HYD,Android,Telangana,Southern,17.384052,78.456355,0,300,990,650,340,690,260,67,0,200,450,240,100,0
1200,16,Surat,Student,No,Female,High School,STV,Android,Gujarat,Western,21.195944,72.830232,74,0,0,0,456,113,297,12,62,0,79,34,410,12
1201,19,Surat,Student,No,Female,High School,STV,Android,Gujarat,Western,21.195944,72.830232,0,875,0,0,225,440,387,8,0,735,355,85,140,0
1202,16,Mumbai,Student,No,Female,High School,BOM,Android,Maharashtra,Western,18.987807,72.836447,0,0,0,0,0,0,0,548,0,0,0,490,510,0
1203,17,Mumbai,Student,No,Female,High School,BOM,Android,Maharashtra,Western,18.987807,72.836447,0,0,0,0,0,0,266,15,0,0,0,800,0,0
1204,18,Mumbai,Student,No,Female,High School,BOM,Android,Maharashtra,Western,18.987807,72.836447,0,0,0,0,435,0,438,32,0,874,0,267,168,0
1205,19,Mumbai,Student,No,Female,High School,BOM,Android,Maharashtra,Western,18.987807,72.836447,0,0,0,906,430,302,629,9,0,682,224,78,352,0
1206,19,Pune,Student,No,Female,High School,PNQ,Android,Maharashtra,Western,18.513271,73.849852,0,0,0,0,611,380,194,16,0,717,318,62,549,0
1207,16,Kolkata,Student,Yes,Female,High School,CCU,Android,West Bengal,Eastern,22.562627,88.363044,0,950,0,940,410,400,0,76,0,650,290,110,300,0
1208,17,Kolkata,Student,Yes,Female,High School,CCU,Android,West Bengal,Eastern,22.562627,88.363044,0,626,0,800,306,480,0,185,0,450,350,130,176,0
1209,16,Mumbai,Student,Yes,Female,High School,BOM,Android,Maharashtra,Western,18.987807,72.836447,0,699,898,517,381,199,508,6,0,424,93,106,275,0
1210,20,Mumbai,Student,Yes,Female,High School,BOM,Android,Maharashtra,Western,18.987807,72.836447,20,460,0,0,0,0,900,153,10,360,0,0,100,10
1211,20,Ranchi,Student,No,Female,High School,IXR,iOs,Jharkhand,Eastern,23.347768,85.338564,0,0,0,0,460,690,136,9,0,0,540,150,310,0
1212,20,Ranchi,Student,No,Female,High School,IXR,iOs,Jharkhand,Eastern,23.347768,85.338564,40,0,0,0,406,413,0,155,30,821,307,106,290,10
1213,15,Bagdogra,Student,No,Female,High School,IXB,iOs,West Bengal,Eastern,26.6986,88.3117,0,232,520,377,143,288,54,12,0,167,210,78,65,0
1214,17,Bengaluru,Student,No,Female,High School,BLR,iOs,Karnataka,Southern,12.977063,77.587106,57,568,0,0,247,0,350,146,48,489,841,159,79,9
1215,18,Ahmedabad,Student,No,Female,High School,AMD,iOs,Gujarat,Western,23.025793,72.587265,150,380,870,630,240,340,721,97,150,240,240,100,140,0
1216,19,Mumbai,Student,No,Female,High School,BOM,iOs,Maharashtra,Western,18.987807,72.836447,5,240,605,365,240,360,0,85,5,120,240,120,120,0
1217,17,Ahmedabad,Student,Yes,Female,High School,AMD,iOs,Gujarat,Western,23.025793,72.587265,0,0,0,0,805,403,0,193,0,0,312,91,714,0
1218,19,Mumbai,Student,Yes,Female,High School,BOM,iOs,Maharashtra,Western,18.987807,72.836447,310,0,0,0,430,360,0,450,300,0,300,60,360,10
1219,25,Patna,Sabbatical,No,Female,Post graduation,PAT,Android,Bihar,Eastern,25.615379,85.101027,29,494,0,497,521,495,882,113,18,178,301,194,316,11
1220,24,Delhi,Sabbatical,No,Female,Post graduation,DEL,Android,Delhi,Northern,28.651952,77.231495,20,440,860,620,240,400,127,9,20,300,300,100,140,0
1222,24,Kolkata,Student,No,Female,Post graduation,CCU,Android,West Bengal,Eastern,22.562627,88.363044,55,260,565,460,105,250,378,21,50,200,210,40,60,5
1223,25,Kolkata,Student,No,Female,Post graduation,CCU,Android,West Bengal,Eastern,22.562627,88.363044,0,815,0,0,370,975,432,142,0,670,750,225,145,0
1224,25,Kolkata,Student,No,Female,Post graduation,CCU,Android,West Bengal,Eastern,22.562627,88.363044,0,615,0,960,615,960,293,157,0,420,540,420,195,0
1225,26,Kolkata,Student,No,Female,Post graduation,CCU,Android,West Bengal,Eastern,22.562627,88.363044,0,0,0,0,300,0,65,2,0,0,0,300,0,0
1226,26,Kolkata,Student,No,Female,Post graduation,Ccu,Android,West Bengal,Eastern,22.562627,88.363044,250,230,0,0,340,0,120,60,240,200,0,300,30,10
1227,22,Delhi,Student,No,Female,Post graduation,DEL,Android,Delhi,Northern,28.651952,77.231495,30,0,0,0,534,0,490,752,30,0,840,240,294,0
1228,23,Delhi,Student,No,Female,Post graduation,DEL,Android,Delhi,Northern,28.651952,77.231495,18,770,0,0,575,954,240,12,18,600,549,405,170,0
1229,23,Delhi,Student,No,Female,Post graduation,DEL,Android,Delhi,Northern,28.651952,77.231495,60,840,0,0,549,0,459,23,51,720,0,420,120,9
1230,24,Delhi,Student,No,Female,Post graduation,DEL,Android,Delhi,Northern,28.651952,77.231495,45,150,0,0,175,0,371,0,45,150,0,175,0,0
1231,26,Delhi,Student,No,Female,Post graduation,DEL,Android,Delhi,Northern,28.651952,77.231495,0,110,860,710,150,750,300,2,0,80,630,120,30,0
1232,24,Jaipur,Student,No,Female,Post graduation,JAI,Android,Rajasthan,Northern,26.913312,75.787872,0,340,0,0,400,0,278,7,0,240,0,300,100,0
1233,24,Jaipur,Student,No,Female,Post graduation,JAI,Android,Rajasthan,Northern,26.913312,75.787872,20,415,0,0,491,0,286,20,10,259,864,325,156,10
1234,24,Udaipur,Student,No,Female,Post graduation,UDR,Android,Rajasthan,Northern,24.57951,73.690508,45,540,0,0,730,0,198,19,35,420,0,600,120,10
1235,23,Lucknow,Student,No,Female,Post graduation,LKO,Android,Uttar Pradesh,Northern,26.839281,80.923133,70,315,0,0,560,0,200,2,60,245,0,480,70,10
1236,22,DehraDun,Student,No,Female,Post graduation,DED,Android,Uttarakhand,Northern,30.324427,78.033922,30,0,0,0,0,0,754,78,30,0,0,800,600,0
1237,24,DehraDun,Student,No,Female,Post graduation,DED,Android,Uttarakhand,Northern,30.324427,78.033922,0,0,0,0,0,0,654,24,0,0,0,800,600,0
1238,21,Bengaluru,Student,No,Female,Post graduation,BLR,Android,Karnataka,Southern,12.977063,77.587106,0,243,0,0,0,0,384,28,0,183,0,0,60,0
1239,22,Bengaluru,Student,No,Female,Post graduation,BLR,Android,Karnataka,Southern,12.977063,77.587106,160,0,0,0,0,0,597,213,150,0,900,0,0,10
1242,23,Chennai,Student,No,Female,Post graduation,MAA,Android,Tamil Nadu,Southern,13.084622,80.248357,0,26,0,0,508,0,576,80,0,18,0,500,8,0
1244,22,Mumbai,Student,No,Female,Post graduation,BOM,Android,Maharashtra,Western,18.987807,72.836447,0,242,0,0,794,0,428,69,0,158,0,710,84,0
1245,23,Mumbai,Student,No,Female,Post graduation,BOM,Android,Maharashtra,Western,18.987807,72.836447,40,0,0,0,0,0,639,86,30,0,0,900,360,10
1246,23,Mumbai,Student,No,Female,Post graduation,BOM,Android,Maharashtra,Western,18.987807,72.836447,49,608,0,0,476,0,0,205,37,475,0,331,133,12
1247,25,Mumbai,Student,No,Female,Post graduation,BOM,Android,Maharashtra,Western,18.987807,72.836447,30,170,0,0,691,0,787,67,18,170,0,679,0,12
1248,26,Pune,Student,No,Female,Post graduation,PNQ,Android,Maharashtra,Western,18.513271,73.849852,0,224,0,0,314,0,369,39,0,210,0,300,14,0
1249,24,Ranchi,Working professional,No,Female,Post graduation,IXR,Android,Jharkhand,Eastern,23.347768,85.338564,30,240,0,0,0,0,400,1,30,120,0,0,120,0
1250,24,Kolkata,Working professional,No,Female,Post graduation,CCU,Android,West Bengal,Eastern,22.562627,88.363044,12,318,0,759,326,755,0,34,8,228,523,232,90,4
1251,29,Kolkata,Working professional,No,Female,Post graduation,CCU,Android,West Bengal,Eastern,22.562627,88.363044,0,600,0,0,350,990,104,38,0,400,840,150,200,0
1253,23,Delhi,Working professional,No,Female,Post graduation,DEL,Android,Delhi,Northern,28.651952,77.231495,0,401,0,779,330,708,292,92,0,260,519,189,141,0
1254,24,Delhi,Working professional,No,Female,Post graduation,DEL,Android,Delhi,Northern,28.651952,77.231495,5,115,620,360,260,500,1,2,0,60,300,200,55,5
1255,27,Delhi,Working professional,No,Female,Post graduation,DEL,Android,Delhi,Northern,28.651952,77.231495,14,647,0,0,463,964,360,69,10,463,689,275,184,4
1256,28,Delhi,Working professional,No,Female,Post graduation,DEL,Android,Delhi,Northern,28.651952,77.231495,0,238,932,749,183,694,232,46,0,182,567,127,56,0
1257,31,Delhi,Working professional,No,Female,Post graduation,DEL,Android,Delhi,Northern,28.651952,77.231495,350,454,0,0,59,641,53,35,350,438,598,43,16,0
1258,33,Delhi,Working professional,No,Female,Post graduation,DEL,Android,Delhi,Northern,28.651952,77.231495,0,549,0,0,448,987,449,54,0,390,698,289,159,0
1259,33,Delhi,Working professional,No,Female,Post graduation,DEL,Android,Delhi,Northern,28.651952,77.231495,58,0,0,0,709,522,633,36,58,963,376,146,563,0
1260,43,Delhi,Working professional,No,Female,Post graduation,DEL,Android,Delhi,Northern,28.651952,77.231495,0,0,738,330,408,738,0,0,0,0,330,408,0,0
1261,54,Jaipur,Working professional,No,Female,Post graduation,JAI,Android,Rajasthan,Northern,26.913312,75.787872,0,0,0,0,0,0,0,0,0,0,0,0,0,0
1262,56,DehraDun,Working professional,No,Female,Post graduation,DED,Android,Uttarakhand,Northern,30.324427,78.033922,14,0,146,132,14,132,0,0,12,0,120,12,0,2
1263,56,DehraDun,Working professional,No,Female,Post graduation,DED,Android,Uttarakhand,Northern,30.324427,78.033922,14,0,146,132,14,132,0,0,12,0,120,12,0,2
1264,27,Vishakhapatnam,Working professional,No,Female,Post graduation,VTZ,Android,Andhra Pradesh,Southern,17.704052,83.297663,0,210,0,0,0,0,320,100,0,105,0,0,105,0
1265,22,Bengaluru,Working professional,No,Female,Post graduation,BLR,Android,Karnataka,Southern,12.977063,77.587106,0,0,0,0,562,0,97,0,0,0,0,562,0,0
1266,24,Bengaluru,Working professional,No,Female,Post graduation,BLR,Android,Karnataka,Southern,12.977063,77.587106,0,310,680,420,260,370,264,46,0,160,260,110,150,0
1267,25,Bengaluru,Working professional,No,Female,Post graduation,BLR,Android,Karnataka,Southern,12.977063,77.587106,0,90,540,390,150,450,124,18,0,60,330,120,30,0
1268,31,Bengaluru,Working professional,No,Female,Post graduation,BLR,Android,Karnataka,Southern,12.977063,77.587106,150,0,0,0,125,315,419,55,140,0,280,35,80,10
1269,23,Hyderabad,Working professional,No,Female,Post graduation,HYD,Android,Telangana,Southern,17.384052,78.456355,160,0,0,0,0,0,597,213,150,0,900,0,0,10
1270,23,Hyderabad,Working professional,No,Female,Post graduation,HYD,Android,Telangana,Southern,17.384052,78.456355,160,0,0,0,0,0,597,213,150,0,900,0,0,10
1271,31,Hyderabad,Working professional,No,Female,Post graduation,HYD,Android,Telangana,Southern,17.384052,78.456355,0,0,160,100,60,160,320,90,0,0,100,60,0,0
1272,31,Hyderabad,Working professional,No,Female,Post graduation,HYD,Android,Telangana,Southern,17.384052,78.456355,3,0,12,8,4,9,260,47,2,0,6,3,0,1
1273,24,Ahmedabad,Working professional,No,Female,Post graduation,AMD,Android,Gujarat,Western,23.025793,72.587265,0,508,0,0,643,0,551,61,0,150,0,285,358,0
1274,25,Ahmedabad,Working professional,No,Female,Post graduation,AMD,Android,Gujarat,Western,23.025793,72.587265,78,423,0,0,142,853,497,47,68,388,756,97,35,10
1275,25,Mumbai,Working professional,No,Female,Post graduation,BOM,Android,Maharashtra,Western,18.987807,72.836447,0,0,0,0,457,462,834,49,0,735,398,64,393,0
1276,27,Mumbai,Working professional,No,Female,Post graduation,BOM,Android,Maharashtra,Western,18.987807,72.836447,0,68,235,152,83,167,229,220,0,53,99,68,15,0
1277,28,Mumbai,Working professional,No,Female,Post graduation,BOM,Android,Maharashtra,Western,18.987807,72.836447,0,0,0,0,0,0,0,25,0,0,0,0,210,10
1278,26,Pune,Working professional,No,Female,Post graduation,PNQ,Android,Maharashtra,Western,18.513271,73.849852,80,140,630,590,40,410,310,88,80,140,370,40,0,0
1279,26,Mumbai,Sabbatical,Yes,Female,Post graduation,BOM,Android,Maharashtra,Western,18.987807,72.836447,0,797,0,947,456,606,0,95,0,498,449,157,299,0
1281,23,Ranchi,Student,Yes,Female,Post graduation,IXR,Android,Jharkhand,Eastern,23.347768,85.338564,60,205,0,0,335,0,695,467,50,180,840,300,25,10
1282,23,Bhubaneshwar,Student,Yes,Female,Post graduation,BBI,Android,Odisha,Eastern,20.272411,85.833853,0,195,865,500,365,670,0,608,0,80,420,250,115,0
1283,22,Bagdogra,Student,Yes,Female,Post graduation,IXB,Android,West Bengal,Eastern,26.6986,88.3117,0,641,0,981,533,873,277,18,0,327,654,219,314,0
1284,22,Bagdogra,Student,Yes,Female,Post graduation,IXB,Android,West Bengal,Eastern,26.6986,88.3117,54,361,0,0,532,0,478,570,45,244,0,406,117,9
1285,24,Delhi,Student,Yes,Female,Post graduation,DEL,Android,Delhi,Northern,28.651952,77.231495,50,330,0,0,340,0,0,392,40,300,840,300,30,10
1286,25,Delhi,Student,Yes,Female,Post graduation,DEL,Android,Delhi,Northern,28.651952,77.231495,0,575,0,0,705,0,262,56,0,450,0,580,125,0
1287,25,Delhi,Student,Yes,Female,Post graduation,DEL,Android,Delhi,Northern,28.651952,77.231495,22,594,0,0,642,0,879,259,22,462,0,510,132,0
1288,26,Jaipur,Student,Yes,Female,Post graduation,JAI,Android,Rajasthan,Northern,26.913312,75.787872,10,105,525,355,170,410,0,110,10,65,280,130,40,0
1289,22,Udaipur,Student,Yes,Female,Post graduation,UDR,Android,Rajasthan,Northern,24.57951,73.690508,0,638,0,0,910,0,873,69,0,448,0,720,190,0
1290,23,Lucknow,Student,Yes,Female,Post graduation,LKO,Android,Uttar Pradesh,Northern,26.839281,80.923133,0,189,999,777,222,810,270,2,0,147,630,180,42,0
1291,22,Mumbai,Student,Yes,Female,Post graduation,BOM,Android,Maharashtra,Western,18.987807,72.836447,0,0,0,0,410,616,578,63,0,827,411,205,205,0
1292,23,Mumbai,Student,Yes,Female,Post graduation,BOM,Android,Maharashtra,Western,18.987807,72.836447,10,215,765,595,170,540,285,32,10,165,420,120,50,0
1293,28,Delhi,Working professional,Yes,Female,Post graduation,DEL,Android,Delhi,Northern,28.651952,77.231495,0,299,0,814,391,906,421,36,0,208,606,300,91,0
1294,27,Mumbai,Working professional,Yes,Female,Post graduation,BOM,Android,Maharashtra,Western,18.987807,72.836447,3,10,783,558,225,770,0,18,2,6,550,220,4,1
1295,28,Pune,Working professional,Yes,Female,Post graduation,PNQ,Android,Maharashtra,Western,18.513271,73.849852,0,246,521,259,262,275,0,258,0,133,126,149,113,0
1296,26,Mumbai,Working professional,Yes,Female,Post graduation,BOM,Android,Maharashtra,Western,18.987807,72.836447,15,600,0,765,280,430,0,180,15,500,250,180,100,0
1297,26,Kolkata,Sabbatical,No,Female,Post graduation,CCU,iOs,West Bengal,Eastern,22.562627,88.363044,0,501,0,0,592,0,378,74,0,347,748,438,154,0
1298,35,Delhi,Sabbatical,No,Female,Post graduation,DEL,iOs,Delhi,Northern,28.651952,77.231495,50,0,0,0,450,570,0,127,50,0,420,150,300,0
1299,32,Mumbai,Sabbatical,No,Female,Post graduation,BOM,iOs,Maharashtra,Western,18.987807,72.836447,0,0,0,0,345,0,0,501,0,0,0,165,180,0
1300,24,Kolkata,Student,No,Female,Post graduation,CCU,iOs,West Bengal,Eastern,22.562627,88.363044,6,185,0,0,556,0,969,183,4,109,0,478,76,2
1301,26,Kolkata,Student,No,Female,Post graduation,CCU,iOs,West Bengal,Eastern,22.562627,88.363044,104,332,0,922,209,695,0,389,99,267,556,139,65,5
1302,23,Chandigarh,Student,No,Female,Post graduation,IXC,iOs,Chandigarh,Northern,30.736292,76.788398,0,261,0,845,174,758,0,402,0,255,590,168,6,0
1303,22,Delhi,Student,No,Female,Post graduation,DEL,iOs,Delhi,Northern,28.651952,77.231495,9,545,0,0,434,0,503,31,0,380,960,260,165,9
1304,25,Delhi,Student,No,Female,Post graduation,DEL,iOs,Delhi,Northern,28.651952,77.231495,57,0,0,0,727,640,130,5,50,660,400,240,480,7
1305,26,Delhi,Student,No,Female,Post graduation,DEL,iOs,Delhi,Northern,28.651952,77.231495,0,190,420,350,70,230,231,5,0,150,200,30,40,0
1306,24,Bengaluru,Student,No,Female,Post graduation,BLR,iOs,Karnataka,Southern,12.977063,77.587106,0,0,0,0,480,0,234,12,0,0,0,120,360,0
1307,22,Surat,Student,No,Female,Post graduation,STV,iOs,Gujarat,Western,21.195944,72.830232,8,667,0,0,213,0,302,8,7,567,0,112,100,1
1308,22,Mumbai,Student,No,Female,Post graduation,BOM,iOs,Maharashtra,Western,18.987807,72.836447,10,606,0,0,492,0,643,35,0,423,0,299,183,10
1309,26,Kolkata,Working professional,No,Female,Post graduation,CCU,iOs,West Bengal,Eastern,22.562627,88.363044,0,116,517,313,204,401,193,19,0,77,236,165,39,0
1310,23,Delhi,Working professional,No,Female,Post graduation,DEL,iOs,Delhi,Northern,28.651952,77.231495,0,0,0,0,720,840,0,160,0,0,600,240,480,0
1311,23,Delhi,Working professional,No,Female,Post graduation,DEL,iOs,Delhi,Northern,28.651952,77.231495,0,459,0,0,188,0,0,469,0,400,0,129,59,0
1312,24,Delhi,Working professional,No,Female,Post graduation,DEL,iOs,Delhi,Northern,28.651952,77.231495,0,306,969,707,262,663,511,135,0,214,493,170,92,0
1313,25,Delhi,Working professional,No,Female,Post graduation,DEL,iOs,Delhi,Northern,28.651952,77.231495,28,0,0,0,998,180,173,292,20,0,150,30,960,8
1314,27,Delhi,Working professional,No,Female,Post graduation,DEL,iOs,Delhi,Northern,28.651952,77.231495,50,620,0,0,534,0,406,42,37,443,721,344,177,13
1315,29,Delhi,Working professional,No,Female,Post graduation,DEL,iOs,Delhi,Northern,28.651952,77.231495,0,649,0,0,436,858,391,29,0,464,607,251,185,0
1316,30,Delhi,Working professional,No,Female,Post graduation,DEL,iOs,Delhi,Northern,28.651952,77.231495,0,431,0,958,401,928,414,50,0,308,650,278,123,0
1318,25,Vishakhapatnam,Working professional,No,Female,Post graduation,VTZ,iOs,Andhra Pradesh,Southern,17.704052,83.297663,0,75,240,180,60,165,300,600,0,60,120,45,15,0
1319,25,Bengaluru,Working professional,No,Female,Post graduation,BLR,iOs,Karnataka,Southern,12.977063,77.587106,15,810,0,610,395,180,0,105,10,480,120,60,330,5
1320,37,Bengaluru,Working professional,No,Female,Post graduation,BLR,iOs,Karnataka,Southern,12.977063,77.587106,20,103,348,244,104,225,453,29,10,78,156,69,25,10
1321,24,Hyderabad,Working professional,No,Female,Post graduation,HYD,iOs,Telangana,Southern,17.384052,78.456355,10,213,448,314,134,225,620,287,8,143,163,62,70,2
1322,45,Ahmedabad,Working professional,No,Female,Post graduation,AMD,iOs,Gujarat,Western,23.025793,72.587265,0,80,705,490,215,625,67,5,0,35,455,170,45,0
1323,26,Mumbai,Working professional,No,Female,Post graduation,BOM,iOs,Maharashtra,Western,18.987807,72.836447,100,0,0,0,0,0,879,213,100,830,890,0,808,0
1324,35,Mumbai,Working professional,No,Female,Post graduation,BOM,iOs,Maharashtra,Western,18.987807,72.836447,0,240,0,0,0,0,0,20,0,120,0,0,120,0
1325,37,Mumbai,Working professional,No,Female,Post graduation,BOM,iOs,Maharashtra,Western,18.987807,72.836447,10,330,0,850,0,0,0,344,0,120,730,900,210,10
1326,23,Kolkata,Student,Yes,Female,Post graduation,CCU,iOs,West Bengal,Eastern,22.562627,88.363044,63,491,0,0,455,0,363,378,54,353,720,308,138,9
1327,24,Delhi,Student,Yes,Female,Post graduation,DEL,iOs,Delhi,Northern,28.651952,77.231495,1,381,0,0,330,0,365,152,1,322,744,271,59,0
1328,22,Bengaluru,Student,Yes,Female,Post graduation,BLR,iOs,Karnataka,Southern,12.977063,77.587106,0,360,960,720,240,600,165,20,0,240,480,120,120,0
1329,22,Ahmedabad,Student,Yes,Female,Post graduation,AMD,iOs,Gujarat,Western,23.025793,72.587265,45,336,0,0,458,0,573,173,43,300,0,420,36,2
1330,25,Delhi,Working professional,Yes,Female,Post graduation,DEL,iOs,Delhi,Northern,28.651952,77.231495,24,250,336,159,177,62,660,470,12,120,27,35,130,12
1331,36,Delhi,Working professional,Yes,Female,Post graduation,DEL,iOs,Delhi,Northern,28.651952,77.231495,76,0,0,0,444,437,727,123,64,769,312,125,307,12
1332,29,Hyderabad,Working professional,Yes,Female,Post graduation,Hyd,iOs,Telangana,Southern,17.384052,78.456355,210,0,0,0,340,520,367,41,210,840,420,100,240,0
1333,33,Mumbai,Working professional,Yes,Female,Post graduation,BOM,iOs,Maharashtra,Western,18.987807,72.836447,60,0,0,0,870,0,309,45,60,800,900,450,420,0
1334,25,Indore,Sabbatical,No,Male,Graduation,IDR,Android,Madhya Pradesh,Central,22.717736,75.85859,0,441,570,465,105,129,0,111,0,367,98,31,74,0
1335,21,Kolkata,Sabbatical,No,Male,Graduation,Ccu,Android,West Bengal,Eastern,22.562627,88.363044,0,477,724,656,68,247,683,90,0,449,207,40,28,0
1336,47,Delhi,Sabbatical,No,Male,Graduation,DEL,Android,Delhi,Northern,28.651952,77.231495,40,55,0,0,380,0,111,60,30,45,0,360,10,10
1337,18,Vishakhapatnam,Sabbatical,No,Male,Graduation,VTZ,Android,Andhra Pradesh,Southern,17.704052,83.297663,0,0,510,210,300,510,280,17,0,0,210,300,0,0
1339,24,Ahmedabad,Sabbatical,No,Male,Graduation,AMD,Android,Gujarat,Western,23.025793,72.587265,7,0,0,0,506,200,296,72,5,0,153,47,457,2
1340,24,Baroda,Sabbatical,No,Male,Graduation,BDQ,Android,Gujarat,Western,22.3072,73.1812,36,447,775,598,177,292,481,107,31,353,214,78,94,5
1341,20,Mumbai,Sabbatical,No,Male,Graduation,BOM,Android,Maharashtra,Western,18.987807,72.836447,0,227,361,271,90,134,398,30,0,170,101,33,57,0
1347,20,Indore,Student,No,Male,Graduation,IDR,Android,Madhya Pradesh,Central,22.717736,75.85859,10,960,0,0,460,700,451,44,10,600,600,100,360,0
1348,23,Indore,Student,No,Male,Graduation,IDR,Android,Madhya Pradesh,Central,22.717736,75.85859,0,559,0,0,349,0,78,9,0,456,0,246,103,0
1349,23,Indore,Student,No,Male,Graduation,IDR,Android,Madhya Pradesh,Central,22.717736,75.85859,0,67,0,0,681,0,502,27,0,48,0,662,19,0
1350,23,Indore,Student,No,Male,Graduation,IDR,Android,Madhya Pradesh,Central,22.717736,75.85859,162,476,0,0,231,694,450,11,150,382,569,125,94,12
1351,20,Patna,Student,No,Male,Graduation,PAT,Android,Bihar,Eastern,25.615379,85.101027,0,32,106,44,62,74,88,12,0,12,32,42,20,0
1352,23,Patna,Student,No,Male,Graduation,PAT,Android,Bihar,Eastern,25.615379,85.101027,10,398,873,446,427,465,417,38,10,127,309,156,271,0
1353,26,Ranchi,Student,No,Male,Graduation,IXR,Android,Jharkhand,Eastern,23.347768,85.338564,0,620,0,0,0,0,200,5,0,300,0,0,320,0
1354,25,Bhubaneshwar,Student,No,Male,Graduation,BBI,Android,Odisha,Eastern,20.272411,85.833853,40,99,410,194,216,271,353,145,28,52,114,157,47,12
1355,22,Kolkata,Student,No,Male,Graduation,CCU,Android,West Bengal,Eastern,22.562627,88.363044,21,575,0,926,208,538,525,1,21,480,425,113,95,0
1356,22,Kolkata,Student,No,Male,Graduation,CCU,Android,West Bengal,Eastern,22.562627,88.363044,12,270,372,290,82,90,318,30,10,210,70,20,60,2
1357,24,Kolkata,Student,No,Male,Graduation,CCU,Android,West Bengal,Eastern,22.562627,88.363044,0,0,0,0,612,585,207,21,0,825,396,189,423,0
1358,24,Kolkata,Student,No,Male,Graduation,CCU,Android,West Bengal,Eastern,22.562627,88.363044,33,186,441,335,106,222,261,11,23,144,168,54,42,10
1359,24,Kolkata,Student,No,Male,Graduation,CCU,Android,West Bengal,Eastern,22.562627,88.363044,210,920,0,0,275,0,236,75,200,800,0,145,120,10
1360,25,Kolkata,Student,No,Male,Graduation,CCU,Android,West Bengal,Eastern,22.562627,88.363044,50,420,0,0,380,0,550,270,40,350,0,300,70,10
1361,26,Kolkata,Student,No,Male,Graduation,CCU,Android,West Bengal,Eastern,22.562627,88.363044,0,75,150,90,60,75,100,7,0,45,45,30,30,0
1362,29,Kolkata,Student,No,Male,Graduation,CCU,Android,West Bengal,Eastern,22.562627,88.363044,12,380,692,410,282,300,350,30,10,220,180,120,160,2
1364,20,Delhi,Student,No,Male,Graduation,DEL,Android,Delhi,Northern,28.651952,77.231495,0,930,0,0,760,0,136,17,0,450,900,280,480,0
1365,21,Delhi,Student,No,Male,Graduation,DEL,Android,Delhi,Northern,28.651952,77.231495,0,885,0,0,410,0,450,64,0,710,0,235,175,0
1366,21,Delhi,Student,No,Male,Graduation,DEL,Android,Delhi,Northern,28.651952,77.231495,0,700,0,0,500,0,600,102,0,600,0,400,100,0
1367,21,Delhi,Student,No,Male,Graduation,DEL,Android,Delhi,Northern,28.651952,77.231495,25,0,0,800,245,0,324,85,20,0,780,240,0,5
1368,22,Delhi,Student,No,Male,Graduation,DEL,Android,Delhi,Northern,28.651952,77.231495,107,270,832,647,185,455,111,21,107,220,320,135,50,0
1369,22,Delhi,Student,No,Male,Graduation,DEL,Android,Delhi,Northern,28.651952,77.231495,27,0,0,0,817,0,600,73,20,740,0,370,440,7
1370,24,Delhi,Student,No,Male,Graduation,DEL,Android,Delhi,Northern,28.651952,77.231495,0,57,217,217,0,160,0,0,0,57,160,0,0,0
1371,24,Delhi,Student,No,Male,Graduation,DEL,Android,Delhi,Northern,28.651952,77.231495,254,608,0,0,161,0,392,45,254,608,0,161,0,0
1372,24,Delhi,Student,No,Male,Graduation,DEL,Android,Delhi,Northern,28.651952,77.231495,33,442,0,0,422,0,275,14,31,390,840,368,52,2
1373,26,Delhi,Student,No,Male,Graduation,DEL,Android,Delhi,Northern,28.651952,77.231495,20,280,0,0,490,0,200,20,10,100,0,300,180,10
1374,24,Udaipur,Student,No,Male,Graduation,UDR,Android,Rajasthan,Northern,24.57951,73.690508,0,0,120,60,60,120,0,0,0,0,60,60,0,0
1375,24,Udaipur,Student,No,Male,Graduation,UDR,Android,Rajasthan,Northern,24.57951,73.690508,20,185,0,0,360,0,96,3,20,145,0,320,40,0
1376,21,DehraDun,Student,No,Male,Graduation,DED,Android,Uttarakhand,Northern,30.324427,78.033922,0,0,0,0,0,0,0,31,0,0,0,0,0,0
1377,20,Ahmedabad,Student,No,Male,Graduation,AMD,Android,Gujarat,Western,23.025793,72.587265,0,0,140,100,40,140,370,0,0,0,100,40,0,0
1378,20,Ahmedabad,Student,No,Male,Graduation,AMD,Android,Gujarat,Western,23.025793,72.587265,0,150,300,240,60,150,500,12,0,120,120,30,30,0
1379,21,Ahmedabad,Student,No,Male,Graduation,AMD,Android,Gujarat,Western,23.025793,72.587265,0,0,310,250,60,310,0,0,0,0,250,60,0,0
1380,21,Ahmedabad,Student,No,Male,Graduation,AMD,Android,Gujarat,Western,23.025793,72.587265,0,234,644,494,150,410,365,9,0,144,350,60,90,0
1381,21,Ahmedabad,Student,No,Male,Graduation,AMD,Android,Gujarat,Western,23.025793,72.587265,0,234,644,494,150,410,365,9,0,144,350,60,90,0
1382,21,Ahmedabad,Student,No,Male,Graduation,AMD,Android,Gujarat,Western,23.025793,72.587265,0,0,0,0,372,220,986,55,0,843,167,53,319,0
1383,23,Ahmedabad,Student,No,Male,Graduation,AMD,Android,Gujarat,Western,23.025793,72.587265,0,189,489,336,153,300,378,26,0,126,210,90,63,0
1384,23,Ahmedabad,Student,No,Male,Graduation,AMD,Android,Gujarat,Western,23.025793,72.587265,25,349,0,834,202,662,429,42,18,251,565,97,98,7
1386,21,Surat,Student,No,Male,Graduation,STV,Android,Gujarat,Western,21.195944,72.830232,3,0,124,97,27,121,0,0,3,0,94,27,0,0
1387,20,Mumbai,Student,No,Male,Graduation,BOM,Android,Maharashtra,Western,18.987807,72.836447,0,0,0,0,0,0,560,2,0,0,600,540,720,0
1388,20,Mumbai,Student,No,Male,Graduation,BOM,Android,Maharashtra,Western,18.987807,72.836447,0,310,660,445,215,350,299,24,0,212,233,117,98,0
1389,21,Mumbai,Student,No,Male,Graduation,BOM,Android,Maharashtra,Western,18.987807,72.836447,0,615,0,0,200,0,137,56,0,433,0,18,182,0
1390,23,Mumbai,Student,No,Male,Graduation,BOM,Android,Maharashtra,Western,18.987807,72.836447,0,649,950,736,214,301,122,7,0,516,220,81,133,0
1391,26,Mumbai,Student,No,Male,Graduation,BOM,Android,Maharashtra,Western,18.987807,72.836447,0,425,0,0,0,0,461,43,0,231,0,834,194,0
1392,22,Indore,Working professional,No,Male,Graduation,IDR,Android,Madhya Pradesh,Central,22.717736,75.85859,0,0,0,0,0,0,0,0,0,0,0,0,0,0
1393,23,Indore,Working professional,No,Male,Graduation,IDR,Android,Madhya Pradesh,Central,22.717736,75.85859,15,190,575,225,350,370,0,85,5,70,150,220,120,10
1394,24,Patna,Working professional,No,Male,Graduation,PAT,Android,Bihar,Eastern,25.615379,85.101027,0,0,450,420,30,450,0,0,0,0,420,30,0,0
1396,25,Kolkata,Working professional,No,Male,Graduation,CCU,Android,West Bengal,Eastern,22.562627,88.363044,4,18,36,26,10,14,252,4,3,13,10,4,5,1
1397,48,Kolkata,Working professional,No,Male,Graduation,CCU,Android,West Bengal,Eastern,22.562627,88.363044,0,0,500,450,50,500,0,0,0,0,450,50,0,0
1398,63,Kolkata,Working professional,No,Male,Graduation,CCU,Android,West Bengal,Eastern,22.562627,88.363044,0,0,765,765,0,765,0,0,0,0,765,0,0,0
1399,21,Delhi,Working professional,No,Male,Graduation,DEL,Android,Delhi,Northern,28.651952,77.231495,0,519,0,928,381,790,345,50,0,365,563,227,154,0
1400,22,Delhi,Working professional,No,Male,Graduation,DEL,Android,Delhi,Northern,28.651952,77.231495,0,0,90,45,45,90,0,0,0,0,45,45,0,0
1401,23,Delhi,Working professional,No,Male,Graduation,DEL,Android,Delhi,Northern,28.651952,77.231495,0,474,0,816,275,617,187,12,0,318,498,119,156,0
1402,23,Delhi,Working professional,No,Male,Graduation,DEL,Android,Delhi,Northern,28.651952,77.231495,0,900,0,700,360,160,250,60,0,600,100,60,300,0
1403,23,Delhi,Working professional,No,Male,Graduation,DEL,Android,Delhi,Northern,28.651952,77.231495,0,522,0,741,323,542,752,211,0,321,420,122,201,0
1404,23,Delhi,Working professional,No,Male,Graduation,DEL,Android,Delhi,Northern,28.651952,77.231495,0,0,0,0,920,0,884,249,0,0,0,360,560,0
1405,23,Delhi,Working professional,No,Male,Graduation,DEL,Android,Delhi,Northern,28.651952,77.231495,4,840,0,752,272,180,520,25,2,600,150,30,240,2
1406,25,Delhi,Working professional,No,Male,Graduation,DEL,Android,Delhi,Northern,28.651952,77.231495,0,705,0,904,489,688,348,47,0,490,414,274,215,0
1407,25,Delhi,Working professional,No,Male,Graduation,DEL,Android,Delhi,Northern,28.651952,77.231495,0,627,0,669,391,433,182,79,0,409,260,173,218,0
1408,25,Delhi,Working professional,No,Male,Graduation,DEL,Android,Delhi,Northern,28.651952,77.231495,33,222,0,911,398,0,442,28,24,155,732,322,67,9
1409,26,Delhi,Working professional,No,Male,Graduation,DEL,Android,Delhi,Northern,28.651952,77.231495,18,135,403,295,108,250,283,57,15,90,190,60,45,3
1410,27,Delhi,Working professional,No,Male,Graduation,DEL,Android,Delhi,Northern,28.651952,77.231495,0,0,0,0,257,0,0,0,0,0,0,257,0,0
1411,27,Delhi,Working professional,No,Male,Graduation,DEL,Android,Delhi,Northern,28.651952,77.231495,15,25,60,45,15,20,10,0,10,20,15,5,5,5
1412,29,Delhi,Working professional,No,Male,Graduation,DEL,Android,Delhi,Northern,28.651952,77.231495,55,178,849,640,209,616,646,166,53,143,444,172,35,2
1415,24,Lucknow,Working professional,No,Male,Graduation,LKO,Android,Uttar Pradesh,Northern,26.839281,80.923133,0,820,0,0,773,0,660,15,0,239,896,192,581,0
1416,24,DehraDun,Working professional,No,Male,Graduation,DED,Android,Uttarakhand,Northern,30.324427,78.033922,19,0,0,842,886,610,568,114,12,562,268,342,537,7
1417,23,Bengaluru,Working professional,No,Male,Graduation,BLR,Android,Karnataka,Southern,12.977063,77.587106,0,388,975,643,332,587,197,22,0,282,361,226,106,0
1418,23,Bengaluru,Working professional,No,Male,Graduation,BLR,Android,Karnataka,Southern,12.977063,77.587106,59,0,0,0,365,780,220,15,54,928,660,120,240,5
1419,26,Bengaluru,Working professional,No,Male,Graduation,BLR,Android,Karnataka,Southern,12.977063,77.587106,0,300,540,300,240,240,223,15,0,150,150,90,150,0
1420,22,Chennai,Working professional,No,Male,Graduation,MAA,Android,Tamil Nadu,Southern,13.084622,80.248357,0,780,0,0,280,600,555,90,0,600,500,100,180,0
1421,24,Chennai,Working professional,No,Male,Graduation,MAA,Android,Tamil Nadu,Southern,13.084622,80.248357,40,0,0,0,585,875,534,98,30,0,750,125,450,10
1423,26,Hyderabad,Working professional,No,Male,Graduation,HYD,Android,Telangana,Southern,17.384052,78.456355,0,862,0,769,871,778,283,37,0,480,289,489,382,0
1424,26,Hyderabad,Working professional,No,Male,Graduation,HYD,Android,Telangana,Southern,17.384052,78.456355,5,550,665,485,180,110,342,27,5,400,80,30,150,0
1425,27,Hyderabad,Working professional,No,Male,Graduation,HYD,Android,Telangana,Southern,17.384052,78.456355,0,0,128,98,30,128,345,70,0,0,98,30,0,0
1426,29,Hyderabad,Working professional,No,Male,Graduation,HYD,Android,Telangana,Southern,17.384052,78.456355,0,108,317,239,78,209,118,9,0,93,146,63,15,0
1427,56,Hyderabad,Working professional,No,Male,Graduation,HYD,Android,Telangana,Southern,17.384052,78.456355,0,0,957,364,593,957,0,0,0,0,364,593,0,0
1428,21,Ahmedabad,Working professional,No,Male,Graduation,AMD,Android,Gujarat,Western,23.025793,72.587265,0,0,0,0,0,0,147,3,0,0,0,0,0,0
1429,21,Ahmedabad,Working professional,No,Male,Graduation,AMD,Android,Gujarat,Western,23.025793,72.587265,0,0,0,0,0,0,544,8,0,900,875,0,0,0
1430,22,Ahmedabad,Working professional,No,Male,Graduation,AMD,Android,Gujarat,Western,23.025793,72.587265,0,344,0,798,423,877,860,26,0,253,545,332,91,0
1431,31,Ahmedabad,Working professional,No,Male,Graduation,AMD,Android,Gujarat,Western,23.025793,72.587265,0,0,100,80,20,100,23,0,0,0,80,20,0,0
1432,49,Ahmedabad,Working professional,No,Male,Graduation,AMD,Android,Gujarat,Western,23.025793,72.587265,0,0,0,0,0,0,0,0,0,0,0,0,0,0
1433,32,Surat,Working professional,No,Male,Graduation,STV,Android,Gujarat,Western,21.195944,72.830232,22,169,821,733,88,630,124,5,20,143,570,60,26,2
1434,40,Surat,Working professional,No,Male,Graduation,STV,Android,Gujarat,Western,21.195944,72.830232,10,0,0,805,465,210,370,15,5,650,150,60,400,5
1435,23,Nagpur,Working professional,No,Male,Graduation,NAG,Android,MAHARASHTRA,Western,21.1458004,79.0881546,0,850,940,660,280,90,175,13,0,600,60,30,250,0
1436,27,Nagpur,Working professional,No,Male,Graduation,NAG,Android,MAHARASHTRA,Western,21.1458004,79.0881546,0,450,821,624,197,371,630,35,0,343,281,90,107,0
1437,22,Mumbai,Working professional,No,Male,Graduation,BOM,Android,Maharashtra,Western,18.987807,72.836447,0,653,0,0,371,0,647,38,0,545,910,263,108,0
1438,23,Mumbai,Working professional,No,Male,Graduation,BOM,Android,Maharashtra,Western,18.987807,72.836447,0,957,0,0,314,713,329,24,0,712,644,69,245,0
1439,24,Mumbai,Working professional,No,Male,Graduation,BOM,Android,Maharashtra,Western,18.987807,72.836447,0,0,0,0,430,565,300,8,0,970,430,135,295,0
1440,24,Mumbai,Working professional,No,Male,Graduation,BOM,Android,Maharashtra,Western,18.987807,72.836447,0,223,0,0,87,977,92,24,0,156,957,20,67,0
1441,25,Mumbai,Working professional,No,Male,Graduation,BOM,Android,Maharashtra,Western,18.987807,72.836447,0,0,0,0,55,0,135,13,0,0,0,55,0,0
1442,25,Mumbai,Working professional,No,Male,Graduation,BOM,Android,Maharashtra,Western,18.987807,72.836447,0,0,0,0,700,0,346,26,0,700,0,200,500,0
1443,26,Mumbai,Working professional,No,Male,Graduation,BOM,Android,Maharashtra,Western,18.987807,72.836447,105,375,509,402,107,29,378,107,105,270,27,2,105,0
1444,27,Mumbai,Working professional,No,Male,Graduation,BOM,Android,Maharashtra,Western,18.987807,72.836447,60,0,0,0,540,0,230,23,60,0,0,500,40,0
1445,27,Mumbai,Working professional,No,Male,Graduation,BOM,Android,Maharashtra,Western,18.987807,72.836447,300,0,0,0,60,0,300,35,300,0,0,60,0,0
1446,32,Mumbai,Working professional,No,Male,Graduation,BOM,Android,Maharashtra,Western,18.987807,72.836447,0,780,0,0,0,0,271,148,0,180,0,0,600,0
1447,25,Pune,Working professional,No,Male,Graduation,PNQ,Android,Maharashtra,Western,18.513271,73.849852,0,550,0,450,900,800,70,18,0,150,300,500,400,0
1448,23,Delhi,Sabbatical,Yes,Male,Graduation,DEL,Android,Delhi,Northern,28.651952,77.231495,0,0,0,0,560,900,0,8,0,900,700,200,360,0
1449,27,Delhi,Sabbatical,Yes,Male,Graduation,DEL,Android,Delhi,Northern,28.651952,77.231495,0,574,0,0,454,0,789,55,0,440,767,320,134,0
1451,23,Vishakhapatnam,Sabbatical,Yes,Male,Graduation,VTZ,Android,Andhra Pradesh,Southern,17.704052,83.297663,0,0,0,0,510,0,0,302,0,0,0,295,215,0
1452,25,Chennai,Sabbatical,Yes,Male,Graduation,MAA,Android,Tamil Nadu,Southern,13.084622,80.248357,0,160,0,0,260,0,170,15,0,100,900,200,60,0
1453,21,Ahmedabad,Sabbatical,Yes,Male,Graduation,AMD,Android,Gujarat,Western,23.025793,72.587265,0,800,0,0,218,618,332,3,0,600,600,18,200,0
1454,24,Mumbai,Sabbatical,Yes,Male,Graduation,BOM,Android,Maharashtra,Western,18.987807,72.836447,15,0,0,0,0,0,580,151,15,0,0,500,600,0
1456,19,Delhi,Student,Yes,Male,Graduation,DEL,Android,Delhi,Northern,28.651952,77.231495,0,0,0,0,0,0,950,50,0,0,0,0,720,0
1457,26,Delhi,Student,Yes,Male,Graduation,DEL,Android,Delhi,Northern,28.651952,77.231495,32,311,0,0,509,0,0,301,32,243,0,441,68,0
1458,23,Bengaluru,Student,Yes,Male,Graduation,BLR,Android,Karnataka,Southern,12.977063,77.587106,0,595,0,770,665,840,688,419,0,350,420,420,245,0
1459,21,Ahmedabad,Student,Yes,Male,Graduation,AMD,Android,Gujarat,Western,23.025793,72.587265,0,0,310,250,60,310,0,0,0,0,250,60,0,0
1461,23,Delhi,Working professional,Yes,Male,Graduation,DEL,Android,Delhi,Northern,28.651952,77.231495,2,231,0,0,342,0,941,284,2,189,0,300,42,0
1462,30,Delhi,Working professional,Yes,Male,Graduation,DEL,Android,Delhi,Northern,28.651952,77.231495,0,417,0,0,463,0,178,3,0,308,0,354,109,0
1463,22,Ahmedabad,Working professional,Yes,Male,Graduation,AMD,Android,Gujarat,Western,23.025793,72.587265,4,796,973,658,315,173,445,37,2,522,134,39,274,2
1464,24,Ahmedabad,Working professional,Yes,Male,Graduation,AMD,Android,Gujarat,Western,23.025793,72.587265,0,270,590,350,240,320,300,10,0,150,200,120,120,0
1465,25,Ahmedabad,Working professional,Yes,Male,Graduation,AMD,Android,Gujarat,Western,23.025793,72.587265,25,0,0,0,0,0,0,45,25,0,0,295,0,0
1466,21,Baroda,Working professional,Yes,Male,Graduation,BDQ,Android,Gujarat,Western,22.3072,73.1812,3,0,0,0,379,694,612,70,3,820,517,177,202,0
1467,23,Baroda,Working professional,Yes,Male,Graduation,BDQ,Android,Gujarat,Western,22.3072,73.1812,0,795,0,919,265,389,0,144,0,610,309,80,185,0
1468,22,Mumbai,Working professional,Yes,Male,Graduation,BOM,Android,Maharashtra,Western,18.987807,72.836447,10,460,886,645,241,416,625,19,8,310,327,89,150,2
1469,23,Mumbai,Working professional,Yes,Male,Graduation,BOM,Android,Maharashtra,Western,18.987807,72.836447,6,397,837,585,252,434,374,489,1,322,262,172,75,5
1470,25,Bagdogra,Sabbatical,No,Male,Graduation,IXB,iOs,West Bengal,Eastern,26.6986,88.3117,72,15,647,552,95,560,137,1,60,12,480,80,3,12
1471,27,Kolkata,Sabbatical,No,Male,Graduation,CCU,iOs,West Bengal,Eastern,22.562627,88.363044,39,76,369,297,72,254,235,0,27,60,210,44,16,12
1472,22,Mumbai,Sabbatical,No,Male,Graduation,BOM,iOs,Maharashtra,Western,18.987807,72.836447,0,620,840,598,242,220,385,44,0,432,166,54,188,0
1474,22,Indore,Student,No,Male,Graduation,idr,iOs,Madhya Pradesh,Central,22.717736,75.85859,0,70,140,80,60,70,521,21,0,40,40,30,30,0
1475,19,Kolkata,Student,No,Male,Graduation,CCU,iOs,West Bengal,Eastern,22.562627,88.363044,0,376,0,918,261,803,280,23,0,278,640,163,98,0
1476,20,Chandigarh,Student,No,Male,Graduation,IXC,iOs,Chandigarh,Northern,30.736292,76.788398,0,250,670,170,500,420,200,1,0,50,120,300,200,0
1477,22,Delhi,Student,No,Male,Graduation,DEL,iOs,Delhi,Northern,28.651952,77.231495,28,602,0,919,842,0,785,128,23,354,542,589,248,5
1478,20,Jaipur,Student,No,Male,Graduation,JAI,iOs,Rajasthan,Northern,26.913312,75.787872,0,870,0,0,780,0,232,28,0,450,0,360,420,0
1479,23,Hyderabad,Student,No,Male,Graduation,HYD,iOs,Telangana,Southern,17.384052,78.456355,0,0,0,0,727,899,78,3,0,899,630,269,458,0
1480,20,Ahmedabad,Student,No,Male,Graduation,AMD,iOs,Gujarat,Western,23.025793,72.587265,79,0,0,0,575,719,63,6,79,678,523,196,379,0
1481,20,Ahmedabad,Student,No,Male,Graduation,AMD,iOs,Gujarat,Western,23.025793,72.587265,79,0,0,0,575,719,63,6,79,678,523,196,379,0
1482,22,Baroda,Student,No,Male,Graduation,BDQ,iOs,Gujarat,Western,22.3072,73.1812,70,241,536,423,113,225,307,60,58,178,187,38,63,12
1483,25,Surat,Student,No,Male,Graduation,STV,iOs,Gujarat,Western,21.195944,72.830232,0,0,0,0,300,780,500,60,0,950,660,120,180,0
1484,26,Mumbai,Student,No,Male,Graduation,BOM,iOs,Maharashtra,Western,18.987807,72.836447,10,150,398,320,78,238,600,65,10,110,200,38,40,0
1485,29,Ranchi,Working professional,No,Male,Graduation,IXR,iOs,Jharkhand,Eastern,23.347768,85.338564,0,0,240,150,90,240,0,0,0,0,150,90,0,0
1486,21,Kolkata,Working professional,No,Male,Graduation,CCU,iOs,West Bengal,Eastern,22.562627,88.363044,0,0,180,180,0,180,0,0,0,0,180,0,0,0
1487,23,Delhi,Working professional,No,Male,Graduation,DEL,iOs,Delhi,Northern,28.651952,77.231495,0,294,0,741,414,861,215,40,0,166,575,286,128,0
1488,23,Delhi,Working professional,No,Male,Graduation,DEL,iOs,Delhi,Northern,28.651952,77.231495,20,210,650,440,210,420,343,26,20,120,300,120,90,0
1489,26,Delhi,Working professional,No,Male,Graduation,DEL,iOs,Delhi,Northern,28.651952,77.231495,0,0,0,0,438,589,315,46,0,811,492,97,341,0
1490,28,Delhi,Working professional,No,Male,Graduation,DEL,iOs,Delhi,Northern,28.651952,77.231495,420,0,0,0,0,0,134,78,418,671,0,661,515,2
1491,38,Delhi,Working professional,No,Male,Graduation,DEL,iOs,Delhi,Northern,28.651952,77.231495,0,420,640,500,140,220,510,92,0,300,200,20,120,0
1492,26,Bengaluru,Working professional,No,Male,Graduation,BLR,iOs,Karnataka,Southern,12.977063,77.587106,0,590,0,0,570,0,455,38,0,470,0,450,120,0
1493,26,Bengaluru,Working professional,No,Male,Graduation,BLR,iOs,Karnataka,Southern,12.977063,77.587106,135,840,0,0,614,0,435,114,135,540,0,314,300,0
1494,22,Chennai,Working professional,No,Male,Graduation,MAA,iOs,Tamil Nadu,Southern,13.084622,80.248357,0,212,602,372,230,390,600,70,0,122,250,140,90,0
1495,25,Hyderabad,Working professional,No,Male,Graduation,HYD,iOs,Telangana,Southern,17.384052,78.456355,0,0,450,300,150,450,0,0,0,0,300,150,0,0
1496,25,Hyderabad,Working professional,No,Male,Graduation,HYD,iOs,Telangana,Southern,17.384052,78.456355,0,0,0,0,463,556,542,430,0,723,437,119,344,0
1497,26,Hyderabad,Working professional,No,Male,Graduation,HYD,iOs,Telangana,Southern,17.384052,78.456355,0,858,0,0,317,647,659,319,0,666,522,125,192,0
1498,21,Ahmedabad,Working professional,No,Male,Graduation,AMD,iOs,Gujarat,Western,23.025793,72.587265,0,390,772,544,228,382,280,10,0,210,334,48,180,0
1499,22,Ahmedabad,Working professional,No,Male,Graduation,AMD,iOs,Gujarat,Western,23.025793,72.587265,0,398,0,891,167,660,281,26,0,351,540,120,47,0
1500,22,Ahmedabad,Working professional,No,Male,Graduation,AMD,iOs,Gujarat,Western,23.025793,72.587265,35,0,0,0,0,0,489,45,35,0,0,600,0,0
1501,35,Surat,Working professional,No,Male,Graduation,STV,iOs,Gujarat,Western,21.195944,72.830232,107,185,665,585,80,373,451,15,95,140,350,23,45,12
1502,36,Surat,Working professional,No,Male,Graduation,STV,iOs,Gujarat,Western,21.195944,72.830232,24,80,372,282,90,268,550,50,14,60,208,60,20,10
1503,22,Mumbai,Working professional,No,Male,Graduation,BOM,iOs,Maharashtra,Western,18.987807,72.836447,0,720,997,674,323,277,442,76,0,440,234,43,280,0
1504,22,Mumbai,Working professional,No,Male,Graduation,BOM,iOs,Maharashtra,Western,18.987807,72.836447,90,729,0,0,250,578,723,468,80,578,489,89,151,10
1505,25,Mumbai,Working professional,No,Male,Graduation,BOM,iOs,Maharashtra,Western,18.987807,72.836447,0,0,0,0,750,0,0,0,0,0,0,750,0,0
1506,28,Mumbai,Working professional,No,Male,Graduation,BOM,iOs,Maharashtra,Western,18.987807,72.836447,55,110,525,225,300,360,826,157,45,60,120,240,50,10
1507,42,Mumbai,Working professional,No,Male,Graduation,BOM,iOs,Maharashtra,Western,18.987807,72.836447,0,0,285,190,95,285,0,0,0,0,190,95,0,0
1508,21,Pune,Sabbatical,Yes,Male,Graduation,PNQ,iOs,Maharashtra,Western,18.513271,73.849852,0,560,0,850,460,750,484,13,0,370,480,270,190,0
1510,20,Delhi,Student,Yes,Male,Graduation,DEL,iOs,Delhi,Northern,28.651952,77.231495,0,0,0,0,340,0,400,100,0,0,0,240,100,0
1511,22,Surat,Student,Yes,Male,Graduation,STV,iOs,Gujarat,Western,21.195944,72.830232,24,0,0,0,441,986,0,448,24,0,801,185,256,0
1512,22,Mumbai,Student,Yes,Male,Graduation,BOM,iOs,Maharashtra,Western,18.987807,72.836447,0,82,306,211,95,224,0,19,0,51,160,64,31,0
1513,26,Delhi,Working professional,Yes,Male,Graduation,DEL,iOs,Delhi,Northern,28.651952,77.231495,25,681,0,0,609,0,0,87,18,487,0,408,194,7
1514,26,Delhi,Working professional,Yes,Male,Graduation,DEL,iOs,Delhi,Northern,28.651952,77.231495,20,975,0,0,433,467,256,77,10,654,365,102,321,10
1515,30,Bengaluru,Working professional,Yes,Male,Graduation,BLR,iOs,Karnataka,Southern,12.977063,77.587106,0,0,0,0,430,790,868,232,0,0,700,90,340,0
1516,18,Delhi,Sabbatical,No,Male,High School,DEL,Android,Delhi,Northern,28.651952,77.231495,0,0,0,0,260,260,94,7,0,800,200,60,200,0
1517,20,Indore,Student,No,Male,High School,IDR,Android,Madhya Pradesh,Central,22.717736,75.85859,0,0,331,216,115,331,0,0,0,0,216,115,0,0
1518,15,Patna,Student,No,Male,High School,PAT,Android,Bihar,Eastern,25.615379,85.101027,35,0,155,125,30,120,0,0,35,0,90,30,0,0
1519,20,Patna,Student,No,Male,High School,PAT,Android,Bihar,Eastern,25.615379,85.101027,0,0,0,0,420,0,137,16,0,845,0,240,180,0
1520,18,Kolkata,Student,No,Male,High School,Ccu,Android,West Bengal,Eastern,22.562627,88.363044,0,0,300,240,60,300,0,0,0,0,240,60,0,0
1521,17,Delhi,Student,No,Male,High School,DEL,Android,Delhi,Northern,28.651952,77.231495,0,542,970,728,242,428,201,132,0,420,308,120,122,0
1522,18,Delhi,Student,No,Male,High School,DEL,Android,Delhi,Northern,28.651952,77.231495,0,0,0,0,0,0,222,15,0,0,0,0,0,0
1523,19,Jaipur,Student,No,Male,High School,JAI,Android,Rajasthan,Northern,26.913312,75.787872,0,230,415,340,75,185,129,23,0,190,150,35,40,0
1526,16,Surat,Student,No,Male,High School,STV,Android,Gujarat,Western,21.195944,72.830232,44,91,230,166,64,95,24,1,32,56,78,17,35,12
1527,18,Surat,Student,No,Male,High School,STV,Android,Gujarat,Western,21.195944,72.830232,13,771,0,882,177,275,390,12,13,624,245,30,147,0
1528,20,Mumbai,Student,No,Male,High School,BOM,Android,Maharashtra,Western,18.987807,72.836447,0,670,0,0,336,0,497,68,0,502,0,168,168,0
1529,51,Mumbai,Working professional,No,Male,High School,BOM,Android,Maharashtra,Western,18.987807,72.836447,84,0,218,184,34,134,88,2,71,0,113,21,0,13
1530,16,Kolkata,Student,Yes,Male,High School,CCU,Android,West Bengal,Eastern,22.562627,88.363044,0,0,0,0,775,930,0,28,0,799,610,320,455,0
1531,17,Delhi,Student,Yes,Male,High School,DEL,Android,Delhi,Northern,28.651952,77.231495,1,72,391,320,71,318,114,21,0,70,250,68,2,1
1532,21,Delhi,Student,Yes,Male,High School,DEL,Android,Delhi,Northern,28.651952,77.231495,10,950,0,0,350,0,459,311,10,800,0,200,150,0
1533,17,Ahmedabad,Student,Yes,Male,High School,AMD,Android,Gujarat,Western,23.025793,72.587265,0,600,0,800,200,400,400,35,0,500,300,100,100,0
1534,21,Ahmedabad,Student,Yes,Male,High School,AMD,Android,Gujarat,Western,23.025793,72.587265,22,580,0,940,82,420,0,300,20,520,400,20,60,2
1535,15,Kolkata,Student,No,Male,High School,CCU,iOs,West Bengal,Eastern,22.562627,88.363044,210,0,0,0,470,460,579,34,200,0,400,60,400,10
1536,17,Kolkata,Student,No,Male,High School,CCU,iOs,West Bengal,Eastern,22.562627,88.363044,16,741,862,636,226,105,315,2,14,527,95,10,214,2
1537,16,Delhi,Student,No,Male,High School,DEL,iOs,Delhi,Northern,28.651952,77.231495,0,0,0,920,0,750,340,20,0,620,300,450,620,0
1538,16,Mumbai,Student,No,Male,High School,BOM,iOs,Maharashtra,Western,18.987807,72.836447,0,760,960,694,266,200,351,10,0,540,154,46,220,0
1539,17,Mumbai,Student,No,Male,High School,BOM,iOs,Maharashtra,Western,18.987807,72.836447,0,70,530,460,70,460,320,15,0,60,400,60,10,0
1540,19,Nagpur,Working professional,No,Male,High School,NAG,iOs,MAHARASHTRA,Western,21.1458004,79.0881546,0,450,610,400,210,160,250,5,0,300,100,60,150,0
1541,16,Mumbai,Student,Yes,Male,High School,BOM,iOs,Maharashtra,Western,18.987807,72.836447,0,0,204,180,24,204,200,100,0,0,180,24,0,0
1542,25,Kolkata,Sabbatical,No,Male,Post graduation,CCU,Android,West Bengal,Eastern,22.562627,88.363044,135,472,0,772,323,488,310,2,125,317,330,158,155,10
1543,34,Delhi,Sabbatical,No,Male,Post graduation,DEL,Android,Delhi,Northern,28.651952,77.231495,416,0,0,0,0,789,143,0,407,0,37,752,516,9
1544,22,Kolkata,Student,No,Male,Post graduation,CCU,Android,West Bengal,Eastern,22.562627,88.363044,60,450,0,0,160,700,150,4,50,400,600,100,50,10
1545,24,Kolkata,Student,No,Male,Post graduation,CCU,Android,West Bengal,Eastern,22.562627,88.363044,0,426,885,638,247,459,355,4,0,294,344,115,132,0
1546,21,Delhi,Student,No,Male,Post graduation,DEL,Android,Delhi,Northern,28.651952,77.231495,40,100,0,945,485,0,356,177,30,75,840,450,25,10
1547,22,Delhi,Student,No,Male,Post graduation,DEL,Android,Delhi,Northern,28.651952,77.231495,0,0,700,600,100,700,0,0,0,0,600,100,0,0
1548,23,Delhi,Student,No,Male,Post graduation,DEL,Android,Delhi,Northern,28.651952,77.231495,0,0,723,541,182,723,0,0,0,0,541,182,0,0
1549,23,Delhi,Student,No,Male,Post graduation,DEL,Android,Delhi,Northern,28.651952,77.231495,0,0,0,0,300,0,400,61,0,840,0,100,200,0
1550,22,DehraDun,Student,No,Male,Post graduation,DED,Android,Uttarakhand,Northern,30.324427,78.033922,0,950,0,0,400,0,450,20,0,750,890,200,200,0
1551,25,DehraDun,Student,No,Male,Post graduation,DED,Android,Uttarakhand,Northern,30.324427,78.033922,0,0,0,0,350,0,0,0,0,0,0,350,0,0
1552,26,DehraDun,Student,No,Male,Post graduation,DED,Android,Uttarakhand,Northern,30.324427,78.033922,5,788,0,0,363,695,559,98,2,600,523,172,188,3
1553,21,Vishakhapatnam,Student,No,Male,Post graduation,VTZ,Android,Andhra Pradesh,Southern,17.704052,83.297663,8,538,928,642,286,382,502,68,0,380,262,120,158,8
1554,25,Bengaluru,Student,No,Male,Post graduation,BLR,Android,Karnataka,Southern,12.977063,77.587106,0,120,710,590,120,590,120,0,0,90,500,90,30,0
1555,22,Kochi,Student,No,Male,Post graduation,COK,Android,Kerala,Southern,9.947743,76.253802,0,0,0,0,300,0,0,50,0,0,0,300,0,0
1556,29,Kochi,Student,No,Male,Post graduation,COK,Android,Kerala,Southern,9.947743,76.253802,0,0,0,900,0,0,0,0,0,0,900,0,0,0
1557,23,Mumbai,Student,No,Male,Post graduation,BOM,Android,Maharashtra,Western,18.987807,72.836447,0,419,0,0,543,0,70,2,0,315,983,439,104,0
1558,41,Indore,Working professional,No,Male,Post graduation,IDR,Android,Madhya Pradesh,Central,22.717736,75.85859,0,0,388,304,84,388,0,0,0,0,304,84,0,0
1559,28,Ranchi,Working professional,No,Male,Post graduation,IXR,Android,Jharkhand,Eastern,23.347768,85.338564,55,440,0,925,275,705,587,132,45,320,560,145,120,10
1560,28,Kolkata,Working professional,No,Male,Post graduation,CCU,Android,West Bengal,Eastern,22.562627,88.363044,0,320,870,650,220,550,334,75,0,220,430,120,100,0
1561,31,Kolkata,Working professional,No,Male,Post graduation,CCU,Android,West Bengal,Eastern,22.562627,88.363044,0,841,0,900,405,464,632,35,0,560,340,124,281,0
1562,63,Kolkata,Working professional,No,Male,Post graduation,CCU,Android,West Bengal,Eastern,22.562627,88.363044,0,0,75,60,15,75,0,0,0,0,60,15,0,0
1563,24,Delhi,Working professional,No,Male,Post graduation,DEL,Android,Delhi,Northern,28.651952,77.231495,300,720,0,0,360,0,143,30,300,720,0,360,0,0
1564,26,Delhi,Working professional,No,Male,Post graduation,DEL,Android,Delhi,Northern,28.651952,77.231495,0,589,0,0,375,822,162,34,0,364,672,150,225,0
1565,26,Delhi,Working professional,No,Male,Post graduation,DEL,Android,Delhi,Northern,28.651952,77.231495,36,786,0,0,621,997,97,12,36,523,639,358,263,0
1566,27,Delhi,Working professional,No,Male,Post graduation,DEL,Android,Delhi,Northern,28.651952,77.231495,40,474,0,0,444,0,355,34,29,338,743,297,136,11
1567,30,Delhi,Working professional,No,Male,Post graduation,DEL,Android,Delhi,Northern,28.651952,77.231495,0,0,0,0,700,0,200,1,0,0,0,700,0,0
1568,33,Delhi,Working professional,No,Male,Post graduation,DEL,Android,Delhi,Northern,28.651952,77.231495,100,0,0,0,550,930,600,167,100,800,700,230,320,0
1569,40,Delhi,Working professional,No,Male,Post graduation,DEL,Android,Delhi,Northern,28.651952,77.231495,0,0,390,150,240,390,0,0,0,0,150,240,0,0
1570,28,DehraDun,Working professional,No,Male,Post graduation,DED,Android,Uttarakhand,Northern,30.324427,78.033922,90,0,0,0,0,0,627,21,80,0,0,0,800,10
1571,43,Bengaluru,Working professional,No,Male,Post graduation,BLR,Android,Karnataka,Southern,12.977063,77.587106,0,0,0,0,480,0,0,0,0,0,0,480,0,0
1572,27,Hyderabad,Working professional,No,Male,Post graduation,HYD,Android,Telangana,Southern,17.384052,78.456355,0,860,0,0,340,780,234,30,0,700,600,180,160,0
1573,27,Hyderabad,Working professional,No,Male,Post graduation,HYD,Android,Telangana,Southern,17.384052,78.456355,7,99,711,527,184,605,544,118,7,74,446,159,25,0
1574,29,Hyderabad,Working professional,No,Male,Post graduation,HYD,Android,Telangana,Southern,17.384052,78.456355,0,0,390,300,90,390,93,1,0,0,300,90,0,0
1575,24,Ahmedabad,Working professional,No,Male,Post graduation,AMD,Android,Gujarat,Western,23.025793,72.587265,10,30,160,90,70,120,544,39,0,10,80,40,20,10
1576,57,Baroda,Working professional,No,Male,Post graduation,BDQ,Android,Gujarat,Western,22.3072,73.1812,0,0,289,231,58,289,0,0,0,0,231,58,0,0
1577,23,Mumbai,Working professional,No,Male,Post graduation,BOM,Android,Maharashtra,Western,18.987807,72.836447,0,86,267,94,173,181,189,1,0,51,43,138,35,0
1578,25,Mumbai,Working professional,No,Male,Post graduation,BOM,Android,Maharashtra,Western,18.987807,72.836447,30,0,0,0,460,610,600,94,20,0,460,150,300,10
1579,33,Mumbai,Working professional,No,Male,Post graduation,BOM,Android,Maharashtra,Western,18.987807,72.836447,0,90,432,292,140,342,242,3,0,79,213,129,11,0
1580,34,Mumbai,Working professional,No,Male,Post graduation,BOM,Android,Maharashtra,Western,18.987807,72.836447,100,284,631,526,105,247,200,39,88,212,226,21,72,12
1581,25,Pune,Working professional,No,Male,Post graduation,PNQ,Android,Maharashtra,Western,18.513271,73.849852,0,180,500,260,240,320,230,62,0,70,190,130,110,0
1583,23,Hyderabad,Sabbatical,Yes,Male,Post graduation,HYD,Android,Telangana,Southern,17.384052,78.456355,6,25,0,0,512,0,280,25,4,15,0,500,10,2
1584,23,Delhi,Student,Yes,Male,Post graduation,DEL,Android,Delhi,Northern,28.651952,77.231495,0,820,0,0,880,0,835,89,0,420,0,480,400,0
1585,23,Delhi,Student,Yes,Male,Post graduation,DEL,Android,Delhi,Northern,28.651952,77.231495,28,931,0,0,650,0,268,13,20,740,610,451,191,8
1586,24,Delhi,Student,Yes,Male,Post graduation,DEL,Android,Delhi,Northern,28.651952,77.231495,0,0,0,800,400,0,364,87,0,0,800,400,0,0
1587,23,Ahmedabad,Student,Yes,Male,Post graduation,AMD,Android,Gujarat,Western,23.025793,72.587265,0,70,630,475,155,560,0,100,0,55,420,140,15,0
1588,25,Ahmedabad,Student,Yes,Male,Post graduation,AMD,Android,Gujarat,Western,23.025793,72.587265,0,462,784,570,214,322,334,47,0,321,249,73,141,0
1589,22,Baroda,Student,Yes,Male,Post graduation,BDQ,Android,Gujarat,Western,22.3072,73.1812,0,970,0,0,550,0,0,101,0,720,0,300,250,0
1590,22,Mumbai,Student,Yes,Male,Post graduation,BOM,Android,Maharashtra,Western,18.987807,72.836447,4,275,0,0,453,0,642,33,4,173,950,351,102,0
1591,24,Mumbai,Student,Yes,Male,Post graduation,BOM,Android,Maharashtra,Western,18.987807,72.836447,10,600,0,0,600,0,0,215,10,480,0,480,120,0
1592,25,Kolkata,Working professional,Yes,Male,Post graduation,CCU,Android,West Bengal,Eastern,22.562627,88.363044,0,226,426,350,76,200,264,31,0,170,180,20,56,0
1593,28,DehraDun,Working professional,Yes,Male,Post graduation,DED,Android,Uttarakhand,Northern,30.324427,78.033922,70,140,0,0,210,0,514,178,60,120,0,180,20,10
1594,23,Delhi,Sabbatical,No,Male,Post graduation,DEL,iOs,Delhi,Northern,28.651952,77.231495,31,311,796,600,196,454,196,13,27,250,323,131,61,4
1595,28,Delhi,Sabbatical,No,Male,Post graduation,DEL,iOs,Delhi,Northern,28.651952,77.231495,0,0,0,0,0,0,566,507,0,0,790,368,0,0
1596,28,Delhi,Sabbatical,No,Male,Post graduation,DEL,iOs,Delhi,Northern,28.651952,77.231495,0,0,0,0,0,0,566,507,0,0,790,368,0,0
1597,27,Bengaluru,Sabbatical,No,Male,Post graduation,BLR,iOs,Karnataka,Southern,12.977063,77.587106,0,0,450,300,150,450,0,0,0,0,300,150,0,0
1598,30,Mumbai,Sabbatical,No,Male,Post graduation,BOM,iOs,Maharashtra,Western,18.987807,72.836447,0,0,495,367,128,495,0,0,0,0,367,128,0,0
1599,26,Jaipur,Student,No,Male,Post graduation,JAI,iOs,Rajasthan,Northern,26.913312,75.787872,40,440,0,666,370,556,165,14,30,240,396,160,200,10
1600,25,Vishakhapatnam,Student,No,Male,Post graduation,VTZ,iOs,Andhra Pradesh,Southern,17.704052,83.297663,10,60,610,490,120,540,600,30,10,60,420,120,0,0
1601,27,Mumbai,Student,No,Male,Post graduation,BOM,iOs,Maharashtra,Western,18.987807,72.836447,26,221,557,331,226,310,357,24,14,124,193,117,97,12
1602,55,Indore,Working professional,No,Male,Post graduation,IDR,iOs,Madhya Pradesh,Central,22.717736,75.85859,0,0,524,424,100,524,0,0,0,0,424,100,0,0
1603,25,Ranchi,Working professional,No,Male,Post graduation,IXR,iOs,Jharkhand,Eastern,23.347768,85.338564,55,450,0,0,350,0,735,189,45,350,840,240,100,10
1604,22,Kolkata,Working professional,No,Male,Post graduation,CCU,iOs,West Bengal,Eastern,22.562627,88.363044,0,270,720,550,170,450,250,12,0,200,350,100,70,0
1605,26,Kolkata,Working professional,No,Male,Post graduation,CCU,iOs,West Bengal,Eastern,22.562627,88.363044,0,405,0,0,390,0,744,154,0,315,0,300,90,0
1606,27,Kolkata,Working professional,No,Male,Post graduation,CCU,iOs,West Bengal,Eastern,22.562627,88.363044,5,212,0,0,544,0,597,163,4,128,0,459,84,1
1607,30,Kolkata,Working professional,No,Male,Post graduation,CCU,iOs,West Bengal,Eastern,22.562627,88.363044,0,0,0,0,487,0,0,0,0,0,0,487,0,0
1608,24,Delhi,Working professional,No,Male,Post graduation,DEL,iOs,Delhi,Northern,28.651952,77.231495,37,79,352,271,81,236,239,15,26,56,189,47,23,11
1609,27,Delhi,Working professional,No,Male,Post graduation,DEL,iOs,Delhi,Northern,28.651952,77.231495,0,580,0,0,461,0,428,47,0,412,733,293,168,0
1610,27,Delhi,Working professional,No,Male,Post graduation,DEL,iOs,Delhi,Northern,28.651952,77.231495,0,205,0,970,125,890,0,278,0,180,790,100,25,0
1611,50,Delhi,Working professional,No,Male,Post graduation,DEL,iOs,Delhi,Northern,28.651952,77.231495,0,0,537,405,132,537,0,0,0,0,405,132,0,0
1612,52,Udaipur,Working professional,No,Male,Post graduation,UDR,iOs,Rajasthan,Northern,24.57951,73.690508,0,0,0,0,334,0,0,0,0,0,0,334,0,0
1613,24,Vishakhapatnam,Working professional,No,Male,Post graduation,VTZ,iOs,Andhra Pradesh,Southern,17.704052,83.297663,0,900,0,800,760,660,254,38,0,500,300,360,400,0
1614,26,Vishakhapatnam,Working professional,No,Male,Post graduation,VTZ,iOs,Andhra Pradesh,Southern,17.704052,83.297663,0,0,0,0,510,0,980,320,0,0,0,295,215,0
1615,30,Vishakhapatnam,Working professional,No,Male,Post graduation,VTZ,iOs,Andhra Pradesh,Southern,17.704052,83.297663,140,400,0,0,445,0,390,38,140,250,0,295,150,0
1616,33,Bengaluru,Working professional,No,Male,Post graduation,BLR,iOs,Karnataka,Southern,12.977063,77.587106,32,563,0,0,483,0,989,120,32,439,789,359,124,0
1617,23,Surat,Working professional,No,Male,Post graduation,STV,iOs,Gujarat,Western,21.195944,72.830232,0,880,0,0,705,0,683,31,0,600,900,425,280,0
1618,22,Mumbai,Working professional,No,Male,Post graduation,BOM,iOs,Maharashtra,Western,18.987807,72.836447,12,936,0,0,432,755,262,19,0,661,610,145,275,12
1619,28,Mumbai,Working professional,No,Male,Post graduation,BOM,iOs,Maharashtra,Western,18.987807,72.836447,0,0,0,900,270,0,0,0,0,0,900,270,0,0
1620,26,Pune,Working professional,No,Male,Post graduation,PNQ,iOs,Maharashtra,Western,18.513271,73.849852,0,280,0,0,200,990,345,65,0,200,870,120,80,0
1621,32,Pune,Working professional,No,Male,Post graduation,PNQ,iOs,Maharashtra,Western,18.513271,73.849852,0,0,0,0,0,0,200,10,0,0,0,0,0,0
1623,24,Delhi,Student,Yes,Male,Post graduation,DEL,iOs,Delhi,Northern,28.651952,77.231495,0,0,0,0,200,0,0,0,0,0,0,200,0,0
1624,24,Kolkata,Working professional,Yes,Male,Post graduation,CCU,iOs,West Bengal,Eastern,22.562627,88.363044,0,309,880,653,227,571,769,98,0,217,436,135,92,0
1626,35,Mumbai,Working professional,Yes,Male,Post graduation,BOM,iOs,Maharashtra,Western,18.987807,72.836447,50,56,848,692,156,742,645,0,50,22,620,122,34,0
1627,26,Bengaluru,Working professional,Yes,Male,Post graduation,BLR,iOs,Karnataka,Southern,12.977063,77.587106,60,0,0,0,250,0,0,200,50,0,0,90,150,10
